evaluation_id,evaluation,axis,level,level_index,n,sparse_n_lt_100,xgb_evidentiary_status,neural_evidentiary_status,dlg_mae,xgb_mae,neural_mae,delta_mae_xgb,delta_mae_xgb_ci95_low,delta_mae_xgb_ci95_high,delta_mae_neural,delta_mae_neural_ci95_low,delta_mae_neural_ci95_high,bootstrap_seed_xgb,bootstrap_seed_neural
R01,AqSolDBc OOF,Molecular weight,<250 Da,0,4708,False,exploratory_paired_row_bootstrap,exploratory_paired_row_bootstrap,0.4545071337476805,0.4780737465311566,0.5024457714190897,-0.0235666127834761,-0.0295988585769319,-0.017348927304825,-0.0479386376714092,-0.0539938735388422,-0.0417837722929432,20260823,20260824
R01,AqSolDBc OOF,Molecular weight,250--<400 Da,1,2564,False,exploratory_paired_row_bootstrap,exploratory_paired_row_bootstrap,0.6046864201081513,0.6493411657528081,0.6354648889424337,-0.0446547456446567,-0.0552758081128119,-0.0336544366382468,-0.0307784688342823,-0.0412199700818487,-0.0201601995882117,20260833,20260834
R01,AqSolDBc OOF,Molecular weight,>=400 Da,2,775,False,exploratory_paired_row_bootstrap,exploratory_paired_row_bootstrap,0.8771741217630968,0.9306114677332904,0.9352396892963872,-0.0534373459701935,-0.0799001116525837,-0.0271322323734871,-0.0580655675332902,-0.0837956061438806,-0.0322547869454838,20260843,20260844
R01,AqSolDBc OOF,Rotatable bonds,0,3,1242,False,exploratory_paired_row_bootstrap,exploratory_paired_row_bootstrap,0.5189567026594142,0.5343740142189896,0.5806639120074074,-0.0154173115595753,-0.029395846909356,-0.0011838337169717,-0.0617072093479932,-0.0753372617791747,-0.0477898682329453,20260853,20260854
R01,AqSolDBc OOF,Rotatable bonds,1--4,4,4464,False,exploratory_paired_row_bootstrap,exploratory_paired_row_bootstrap,0.48395705025049,0.5171415285431452,0.5232008154663922,-0.0331844782926551,-0.039865404996164,-0.0264659782903866,-0.0392437652159021,-0.0460494088650257,-0.0324471988965561,20260863,20260864
R01,AqSolDBc OOF,Rotatable bonds,>=5,5,2341,False,exploratory_paired_row_bootstrap,exploratory_paired_row_bootstrap,0.6685677121685605,0.7111035993488253,0.7103393452964545,-0.0425358871802648,-0.0551626041078753,-0.0300292560445307,-0.041771633127894,-0.0537988886459013,-0.0298303065665351,20260873,20260874
R01,AqSolDBc OOF,H-bond donor,no,6,3854,False,exploratory_paired_row_bootstrap,exploratory_paired_row_bootstrap,0.5174935180050778,0.5564246885444991,0.5584056837534094,-0.0389311705394213,-0.047324064514741,-0.0305959847038863,-0.0409121657483315,-0.0492547452472587,-0.0328488046139399,20260883,20260884
R01,AqSolDBc OOF,H-bond donor,yes,7,4193,False,exploratory_paired_row_bootstrap,exploratory_paired_row_bootstrap,0.5665693996699761,0.5944300227764572,0.6123448416667148,-0.027860623106481,-0.0354900746613436,-0.0202793218472756,-0.0457754419967386,-0.0531892899539802,-0.0385010556559024,20260893,20260894
R01,AqSolDBc OOF,H-bond acceptor,no,8,856,False,exploratory_paired_row_bootstrap,exploratory_paired_row_bootstrap,0.4467616587900701,0.4678515373257009,0.4951676676761682,-0.0210898785356307,-0.0386707308156425,-0.0047449740326576,-0.048406008886098,-0.0642556601977249,-0.0324548900439105,20260903,20260904
R01,AqSolDBc OOF,H-bond acceptor,yes,9,7191,False,exploratory_paired_row_bootstrap,exploratory_paired_row_bootstrap,0.554528929395561,0.5891287608401314,0.5973847730167398,-0.0345998314445704,-0.0406387348185747,-0.0286430579841587,-0.0428558436211787,-0.0486896293692516,-0.0370309954036433,20260913,20260914
R01,AqSolDBc OOF,Aromatic ring,no,10,2903,False,exploratory_paired_row_bootstrap,exploratory_paired_row_bootstrap,0.5102673703434929,0.5417845611443283,0.5565223319694576,-0.0315171908008353,-0.0407178398558269,-0.0225766351839985,-0.0462549616259646,-0.0550741632695808,-0.0375597130592091,20260923,20260924
R01,AqSolDBc OOF,Aromatic ring,yes,11,5144,False,exploratory_paired_row_bootstrap,exploratory_paired_row_bootstrap,0.5615745208204939,0.5956658736683903,0.6034356719647822,-0.0340913528478964,-0.0411806391883702,-0.0270093220145232,-0.0418611511442883,-0.0488902988212301,-0.0348133401134135,20260933,20260934
R01,AqSolDBc OOF,N-containing heterocycle,no,12,5942,False,exploratory_paired_row_bootstrap,exploratory_paired_row_bootstrap,0.5214461675166914,0.5522654803298696,0.5663102341918672,-0.0308193128131781,-0.0372215637350615,-0.0245185339833822,-0.0448640666751758,-0.0509488414857253,-0.0386128157312733,20260943,20260944
R01,AqSolDBc OOF,N-containing heterocycle,yes,13,2105,False,exploratory_paired_row_bootstrap,exploratory_paired_row_bootstrap,0.6040913937404275,0.6438690503715438,0.6435353989197625,-0.0397776566311163,-0.0513168103477637,-0.0278474721732517,-0.0394440051793349,-0.0509673548226211,-0.0280938965648184,20260953,20260954
R01,AqSolDBc OOF,Carboxyl group,no,14,7066,False,exploratory_paired_row_bootstrap,exploratory_paired_row_bootstrap,0.5411478160750371,0.5749416260865533,0.5848569690520861,-0.0337938100115161,-0.039726220672419,-0.0276877490104013,-0.0437091529770489,-0.0496535637941623,-0.0378165899213609,20260963,20260964
R01,AqSolDBc OOF,Carboxyl group,yes,15,981,False,exploratory_paired_row_bootstrap,exploratory_paired_row_bootstrap,0.5568756807559301,0.5854926658762486,0.5984282191357135,-0.0286169851203185,-0.0438375572854328,-0.0128360049899468,-0.0415525383797834,-0.0571816804701341,-0.026446540963013,20260973,20260974
R02,ComPlat OOF,Molecular weight,<250 Da,0,8270,False,exploratory_paired_row_bootstrap,exploratory_paired_row_bootstrap,0.4751954628537509,0.4873317657427043,0.5409117779584667,-0.0121363028889533,-0.0154804380445224,-0.0087766222643302,-0.0657163151047157,-0.0714496038306061,-0.0599216581414453,20261823,20261824
R02,ComPlat OOF,Molecular weight,250--<400 Da,1,7204,False,exploratory_paired_row_bootstrap,exploratory_paired_row_bootstrap,0.5308146113398469,0.555902747293603,0.5812982244504372,-0.0250881359537561,-0.0291299233959601,-0.0210799046259923,-0.0504836131105903,-0.0577818102039989,-0.0433947937767432,20261833,20261834
R02,ComPlat OOF,Molecular weight,>=400 Da,2,2463,False,exploratory_paired_row_bootstrap,exploratory_paired_row_bootstrap,0.8859077007673348,0.9390296491683516,0.9311357763736702,-0.0531219484010168,-0.0647094749140669,-0.0415496106499139,-0.0452280756063353,-0.0654118740646204,-0.0249472188354841,20261843,20261844
R02,ComPlat OOF,Rotatable bonds,0,3,1859,False,exploratory_paired_row_bootstrap,exploratory_paired_row_bootstrap,0.5904130291184325,0.5886032851231845,0.6792515152206294,0.001809743995248,-0.0067730404700312,0.0102912531836655,-0.0888384861021969,-0.1033285416313785,-0.0741482637917652,20261853,20261854
R02,ComPlat OOF,Rotatable bonds,1--4,4,9435,False,exploratory_paired_row_bootstrap,exploratory_paired_row_bootstrap,0.5173595734980975,0.5393836369906617,0.565688079857961,-0.0220240634925642,-0.0253122320559482,-0.0186782251539084,-0.0483285063598635,-0.0540879597546689,-0.0423412424000692,20261863,20261864
R02,ComPlat OOF,Rotatable bonds,>=5,5,6643,False,exploratory_paired_row_bootstrap,exploratory_paired_row_bootstrap,0.5956616299558946,0.626898840591004,0.6554876756903216,-0.0312372106351094,-0.0364244251321696,-0.0259277289451013,-0.059826045734427,-0.069203091003166,-0.0507004336707169,20261873,20261874
R02,ComPlat OOF,H-bond donor,no,6,6204,False,exploratory_paired_row_bootstrap,exploratory_paired_row_bootstrap,0.5402192024874529,0.5644122164724437,0.5995107431199603,-0.0241930139849907,-0.0291732678905895,-0.0192576551697558,-0.0592915406325074,-0.0676661078913391,-0.0507613824008106,20261883,20261884
R02,ComPlat OOF,H-bond donor,yes,7,11733,False,exploratory_paired_row_bootstrap,exploratory_paired_row_bootstrap,0.5611800624435835,0.5834972921760753,0.6166398687078826,-0.0223172297324917,-0.0255900554672165,-0.0190573294262887,-0.055459806264299,-0.0612863271700894,-0.0495721675765884,20261893,20261894
R02,ComPlat OOF,H-bond acceptor,no,8,850,False,exploratory_paired_row_bootstrap,exploratory_paired_row_bootstrap,0.593041382947662,0.6308084479202353,0.6361079827511765,-0.0377670649725733,-0.0530407221533898,-0.0222557885365059,-0.0430665998035145,-0.0703068854172968,-0.0158380479395883,20261903,20261904
R02,ComPlat OOF,H-bond acceptor,yes,9,17087,False,exploratory_paired_row_bootstrap,exploratory_paired_row_bootstrap,0.5519845747865167,0.5742143114276778,0.609452124101792,-0.022229736641161,-0.0250371287557771,-0.0193941673778318,-0.0574675493152752,-0.0623984944127619,-0.0526470548317749,20261913,20261914
R02,ComPlat OOF,Aromatic ring,no,10,7454,False,exploratory_paired_row_bootstrap,exploratory_paired_row_bootstrap,0.5425077405700711,0.568572516565269,0.5953396799565616,-0.0260647759951978,-0.0304295116339573,-0.0216341228325001,-0.0528319393864904,-0.0605695788163842,-0.0449321543916606,20261923,20261924
R02,ComPlat OOF,Aromatic ring,yes,11,10483,False,exploratory_paired_row_bootstrap,exploratory_paired_row_bootstrap,0.5620521708168856,0.5828148031688845,0.6216482166812562,-0.0207626323519988,-0.0243330391214627,-0.0172387815936955,-0.0595960458643706,-0.0658090343804731,-0.0535409041679744,20261933,20261934
R02,ComPlat OOF,N-containing heterocycle,no,12,10660,False,exploratory_paired_row_bootstrap,exploratory_paired_row_bootstrap,0.5525497748802113,0.5732889789258779,0.6151177496106348,-0.0207392040456666,-0.0243360136287824,-0.0171430793569728,-0.0625679747304235,-0.0688510380833193,-0.056166253244613,20261943,20261944
R02,ComPlat OOF,N-containing heterocycle,yes,13,7277,False,exploratory_paired_row_bootstrap,exploratory_paired_row_bootstrap,0.5559523161549635,0.5821803771811288,0.6042661837318198,-0.0262280610261652,-0.0304426108717107,-0.0219995675977398,-0.0483138675768562,-0.0557251852975071,-0.0408182640827627,20261953,20261954
R02,ComPlat OOF,Carboxyl group,no,14,15820,False,exploratory_paired_row_bootstrap,exploratory_paired_row_bootstrap,0.5421482941212805,0.5659024450272935,0.598664479107773,-0.0237541509060129,-0.0267296792352297,-0.020797912017622,-0.0565161849864924,-0.0617085112894036,-0.0515393124304639,20261963,20261964
R02,ComPlat OOF,Carboxyl group,yes,15,2117,False,exploratory_paired_row_bootstrap,exploratory_paired_row_bootstrap,0.6419742994256321,0.6590507509518887,0.7007690932361121,-0.0170764515262565,-0.0255095640373577,-0.0087492624489137,-0.05879479381048,-0.073458729669311,-0.0442542672143335,20261973,20261974
R03,TDC OOF,Molecular weight,<250 Da,0,4830,False,exploratory_paired_row_bootstrap,exploratory_paired_row_bootstrap,0.5560484951408838,0.6008862397267454,0.607923719880828,-0.0448377445858615,-0.0545911587593457,-0.0349383312615893,-0.0518752247399442,-0.0612048966685029,-0.0424644060005087,20262823,20262824
R03,TDC OOF,Molecular weight,250--<400 Da,1,2262,False,exploratory_paired_row_bootstrap,exploratory_paired_row_bootstrap,0.7052043835528752,0.7523419554920424,0.760103163011008,-0.0471375719391672,-0.0621820385645429,-0.0320881062974239,-0.0548987794581328,-0.0706754451095061,-0.0394671590996779,20262833,20262834
R03,TDC OOF,Molecular weight,>=400 Da,2,893,False,exploratory_paired_row_bootstrap,exploratory_paired_row_bootstrap,0.9418263539693156,1.022193021651064,0.982265759168197,-0.0803666676817482,-0.1114878011156825,-0.0494701428661331,-0.0404394051988813,-0.0702622752846894,-0.0093424331197435,20262843,20262844
R03,TDC OOF,Rotatable bonds,0,3,1446,False,exploratory_paired_row_bootstrap,exploratory_paired_row_bootstrap,0.8548532851036109,0.9325128920020748,0.9086520839236514,-0.0776596068984637,-0.1058378035078215,-0.0489572482819056,-0.0537987988200404,-0.0813809424418332,-0.026913980982802,20262853,20262854
R03,TDC OOF,Rotatable bonds,1--4,4,4081,False,exploratory_paired_row_bootstrap,exploratory_paired_row_bootstrap,0.5232932622801129,0.5601953085248175,0.5684186797181818,-0.0369020462447046,-0.0453515067890266,-0.0284848176534719,-0.0451254174380689,-0.0530399808951839,-0.0369972936122443,20262863,20262864
R03,TDC OOF,Rotatable bonds,>=5,5,2458,False,exploratory_paired_row_bootstrap,exploratory_paired_row_bootstrap,0.7120666507716475,0.7657956524055329,0.7726447109068348,-0.0537290016338853,-0.0690154183647545,-0.0385543783929577,-0.0605780601351872,-0.0755494844090339,-0.0457640349672317,20262873,20262874
R03,TDC OOF,H-bond donor,no,6,3579,False,exploratory_paired_row_bootstrap,exploratory_paired_row_bootstrap,0.6929111684879915,0.7495321686233251,0.7449326099733167,-0.0566210001353335,-0.0708792040685875,-0.0426655872309821,-0.0520214414853251,-0.0657316460746632,-0.0384380408204582,20262883,20262884
R03,TDC OOF,H-bond donor,yes,7,4406,False,exploratory_paired_row_bootstrap,exploratory_paired_row_bootstrap,0.5996387674087947,0.6432866041839992,0.6506296944162506,-0.0436478367752044,-0.0530067913547225,-0.034309303342492,-0.0509909270074558,-0.0600508099155371,-0.0418780355468726,20262893,20262894
R03,TDC OOF,H-bond acceptor,no,8,899,False,exploratory_paired_row_bootstrap,exploratory_paired_row_bootstrap,0.6924196963183579,0.7430914515221357,0.7472108294266964,-0.0506717552037778,-0.0850819854386531,-0.0167598961012381,-0.0547911331083385,-0.0867242045988504,-0.0232322346439755,20262903,20262904
R03,TDC OOF,H-bond acceptor,yes,9,7086,False,exploratory_paired_row_bootstrap,exploratory_paired_row_bootstrap,0.6349777271001226,0.68428693121919,0.6860070151055462,-0.0493092041190674,-0.0576048050331191,-0.0413107970651313,-0.0510292880054236,-0.0588545994537989,-0.0428787798224771,20262913,20262914
R03,TDC OOF,Aromatic ring,no,10,3675,False,exploratory_paired_row_bootstrap,exploratory_paired_row_bootstrap,0.6922389782921167,0.7513495124371374,0.7496064229427211,-0.0591105341450207,-0.073339186992464,-0.0448394762396149,-0.0573674446506043,-0.0710720405965726,-0.0434611101344373,20262923,20262924
R03,TDC OOF,Aromatic ring,yes,11,4310,False,exploratory_paired_row_bootstrap,exploratory_paired_row_bootstrap,0.5981343935030495,0.6393705223506033,0.644544000087703,-0.0412361288475537,-0.0500374655189067,-0.0323717075963105,-0.0464096065846534,-0.055077755433096,-0.0377939766002381,20262933,20262934
R03,TDC OOF,N-containing heterocycle,no,12,6497,False,exploratory_paired_row_bootstrap,exploratory_paired_row_bootstrap,0.6392259677251965,0.6915825257947052,0.6906126194070956,-0.0523565580695087,-0.0614780103101989,-0.0430970645388538,-0.0513866516818991,-0.0607440849649821,-0.0425385173236681,20262943,20262944
R03,TDC OOF,N-containing heterocycle,yes,13,1488,False,exploratory_paired_row_bootstrap,exploratory_paired_row_bootstrap,0.6511333124402356,0.6879601743611424,0.7028750379063172,-0.0368268619209067,-0.0528769177709736,-0.0205880634987149,-0.0517417254660815,-0.0672514825047545,-0.0360583609675027,20262953,20262954
R03,TDC OOF,Carboxyl group,no,14,6804,False,exploratory_paired_row_bootstrap,exploratory_paired_row_bootstrap,0.6413778730382117,0.6848829566991887,0.69836667319296,-0.043505083660977,-0.0523533672910756,-0.0347939433975209,-0.0569888001547482,-0.0656359314457206,-0.0483816980108791,20262963,20262964
R03,TDC OOF,Carboxyl group,yes,15,1181,False,exploratory_paired_row_bootstrap,exploratory_paired_row_bootstrap,0.6418310186872817,0.7256162338325994,0.6613898393629127,-0.0837852151453177,-0.1047814708834904,-0.0625623746221555,-0.019558820675631,-0.0396394684771134,0.0009864363299967,20262973,20262974
R04,TDC supplied Test,Molecular weight,<250 Da,0,827,False,exploratory_paired_row_bootstrap,exploratory_paired_row_bootstrap,0.6084437061732904,0.6357083042761791,0.6422315951223458,-0.0272645981028887,-0.0425830538570968,-0.0127935275728567,-0.0337878889490554,-0.0481122681748406,-0.0195295521522455,20263823,20263824
R04,TDC supplied Test,Molecular weight,250--<400 Da,1,865,False,exploratory_paired_row_bootstrap,exploratory_paired_row_bootstrap,0.6728164018250111,0.7397360317557224,0.6883589870827513,-0.0669196299307113,-0.0869418010953861,-0.0475220283703161,-0.0155425852577402,-0.0337084226568885,0.0031218174086181,20263833,20263834
R04,TDC supplied Test,Molecular weight,>=400 Da,2,305,False,exploratory_paired_row_bootstrap,exploratory_paired_row_bootstrap,1.0849228457472384,1.2415667364,1.0060892949855735,-0.1566438906527616,-0.2039465786671923,-0.1109818199126904,0.0788335507616648,0.034666044764149,0.1252005558894212,20263843,20263844
R04,TDC supplied Test,Rotatable bonds,0,3,345,False,exploratory_paired_row_bootstrap,exploratory_paired_row_bootstrap,0.7021181444063005,0.7471998337834784,0.710968267766087,-0.0450816893771779,-0.0711169450520432,-0.0191750780647098,-0.0088501233597865,-0.0345902854202468,0.0178357645591499,20263853,20263854
R04,TDC supplied Test,Rotatable bonds,1--4,4,1119,False,exploratory_paired_row_bootstrap,exploratory_paired_row_bootstrap,0.6281414176486054,0.691350775075782,0.6493440325979088,-0.0632093574271766,-0.0798824312364054,-0.0470913378051466,-0.0212026149493034,-0.0362985539735816,-0.0061934109911806,20263863,20263864
R04,TDC supplied Test,Rotatable bonds,>=5,5,533,False,exploratory_paired_row_bootstrap,exploratory_paired_row_bootstrap,0.8835827286451976,0.9622417068330206,0.8658785424146341,-0.0786589781878229,-0.1085294683999704,-0.0501249280921287,0.0177041862305634,-0.0099873679703567,0.0460808937840828,20263873,20263874
R04,TDC supplied Test,H-bond donor,no,6,756,False,exploratory_paired_row_bootstrap,exploratory_paired_row_bootstrap,0.651729059761108,0.7161432943488095,0.672731907510291,-0.0644142345877015,-0.08687183690623,-0.0426599280209569,-0.021002847749183,-0.0420315533078897,0.0007261549839876,20263883,20263884
R04,TDC supplied Test,H-bond donor,yes,7,1241,False,exploratory_paired_row_bootstrap,exploratory_paired_row_bootstrap,0.7440478898931956,0.8081192257690573,0.7452280144122321,-0.0640713358758616,-0.0794722118660634,-0.0487937738248561,-0.0011801245190364,-0.0157863962841877,0.0130692064787685,20263893,20263894
R04,TDC supplied Test,H-bond acceptor,no,8,98,True,exploratory_paired_row_bootstrap,exploratory_paired_row_bootstrap,0.6083381017350169,0.63440745015,0.6296103481295917,-0.026069348414983,-0.0890602908856716,0.0300721492954948,-0.0212722463945748,-0.0769816129691329,0.0393822606405652,20263903,20263904
R04,TDC supplied Test,H-bond acceptor,yes,9,1899,False,exploratory_paired_row_bootstrap,exploratory_paired_row_bootstrap,0.7142988238898482,0.7804678038927856,0.7223335828576408,-0.0661689800029373,-0.0791406221568003,-0.0531742813602178,-0.0080347589677925,-0.020001927987493,0.0045765698208652,20263913,20263914
R04,TDC supplied Test,Aromatic ring,no,10,451,False,exploratory_paired_row_bootstrap,exploratory_paired_row_bootstrap,0.6087589019021556,0.6449514707727272,0.6477034900526387,-0.0361925688705715,-0.056649700449288,-0.0155602710767299,-0.038944588150483,-0.0585786061971587,-0.0190432246605418,20263923,20263924
R04,TDC supplied Test,Aromatic ring,yes,11,1546,False,exploratory_paired_row_bootstrap,exploratory_paired_row_bootstrap,0.7383702042554859,0.8107420287119017,0.7382270465392109,-0.0723718244564157,-0.0878388659497309,-0.056938578210765,0.000143157716275,-0.014361422415016,0.0149281636847593,20263933,20263934
R04,TDC supplied Test,N-containing heterocycle,no,12,1097,False,exploratory_paired_row_bootstrap,exploratory_paired_row_bootstrap,0.681757674791541,0.7369020365008205,0.6991872229342206,-0.0551443617092795,-0.0714941640054593,-0.0390142093423979,-0.0174295481426796,-0.0331691095753262,-0.0015711128347204,20263943,20263944
R04,TDC supplied Test,N-containing heterocycle,yes,13,900,False,exploratory_paired_row_bootstrap,exploratory_paired_row_bootstrap,0.7424249236561477,0.817665284073,0.7404498937828,-0.0752403604168523,-0.0955289611669464,-0.0546381602639023,0.0019750298733476,-0.0162494817098749,0.0205811903765763,20263953,20263954
R04,TDC supplied Test,Carboxyl group,no,14,1784,False,exploratory_paired_row_bootstrap,exploratory_paired_row_bootstrap,0.6809266867782711,0.7430700675973094,0.6932811038269844,-0.0621433808190383,-0.0758019495868016,-0.0487817827006096,-0.0123544170487133,-0.0251560790223978,0.0003453240401333,20263963,20263964
R04,TDC supplied Test,Carboxyl group,yes,15,213,False,exploratory_paired_row_bootstrap,exploratory_paired_row_bootstrap,0.945058175232009,1.0264943150868544,0.923003749934366,-0.0814361398548454,-0.1241148236990013,-0.0417829457552574,0.0220544252976429,-0.017516562325643,0.0629796417804051,20263973,20263974
R05,JCheM supplied Test,Molecular weight,<250 Da,0,586,False,exploratory_paired_row_bootstrap,exploratory_paired_row_bootstrap,0.3626113051383182,0.3847428046113481,0.374912001707546,-0.0221314994730298,-0.0339865904322578,-0.0101626657557777,-0.0123006965692278,-0.0242219372942455,-0.0006632267728857,20264823,20264824
R05,JCheM supplied Test,Molecular weight,250--<400 Da,1,308,False,exploratory_paired_row_bootstrap,exploratory_paired_row_bootstrap,0.4678202386016145,0.5037701935746752,0.4793075704603896,-0.0359499549730607,-0.056925327476442,-0.0142115721373329,-0.011487331858775,-0.0329482514987113,0.0093722071871439,20264833,20264834
R05,JCheM supplied Test,Molecular weight,>=400 Da,2,86,True,exploratory_paired_row_bootstrap,exploratory_paired_row_bootstrap,0.6314390329852109,0.6972923053488372,0.6145858448837208,-0.0658532723636263,-0.1088338638237073,-0.0241356154253025,0.01685318810149,-0.0234247457685613,0.0578541842359777,20264843,20264844
R05,JCheM supplied Test,Rotatable bonds,0,3,130,False,exploratory_paired_row_bootstrap,exploratory_paired_row_bootstrap,0.4464318472769135,0.4647352360085384,0.4536005778768461,-0.0183033887316249,-0.0432357513948266,0.0069440349489043,-0.0071687305999326,-0.0327592028690222,0.019338971176027,20264853,20264854
R05,JCheM supplied Test,Rotatable bonds,1--4,4,568,False,exploratory_paired_row_bootstrap,exploratory_paired_row_bootstrap,0.4021200025636669,0.4287109460915493,0.410199703364845,-0.0265909435278823,-0.0399392767751008,-0.0131858635209836,-0.0080797008011781,-0.0216646510780884,0.0057302452120527,20264863,20264864
R05,JCheM supplied Test,Rotatable bonds,>=5,5,282,False,exploratory_paired_row_bootstrap,exploratory_paired_row_bootstrap,0.441284799769214,0.4846249763196454,0.4546739032879432,-0.0433401765504313,-0.0650885335107994,-0.0218335614516395,-0.0133891035187291,-0.0340986993586448,0.0069354968905078,20264873,20264874
R05,JCheM supplied Test,H-bond donor,no,6,389,False,exploratory_paired_row_bootstrap,exploratory_paired_row_bootstrap,0.3539185585614446,0.3819291341799485,0.3729834587320565,-0.0280105756185039,-0.0441173587414441,-0.0119168926541252,-0.0190649001706119,-0.0348949772131336,-0.0037725633058873,20264883,20264884
R05,JCheM supplied Test,H-bond donor,yes,7,591,False,exploratory_paired_row_bootstrap,exploratory_paired_row_bootstrap,0.4622813804681522,0.4941069512474619,0.4654635903818138,-0.0318255707793096,-0.0456517706542233,-0.0179687390048353,-0.0031822099136615,-0.0170629308625517,0.0106978338151816,20264893,20264894
R05,JCheM supplied Test,H-bond acceptor,no,8,87,True,exploratory_paired_row_bootstrap,exploratory_paired_row_bootstrap,0.2676101698119731,0.275595533724138,0.2926102135309194,-0.0079853639121648,-0.0315115866806114,0.0161574918852163,-0.0250000437189462,-0.0480317800290005,-0.0014253961912751,20264903,20264904
R05,JCheM supplied Test,H-bond acceptor,yes,9,893,False,exploratory_paired_row_bootstrap,exploratory_paired_row_bootstrap,0.4340431471035142,0.4665294848255878,0.4420184308905173,-0.0324863377220736,-0.0437042492816363,-0.0211235582282779,-0.007975283787003,-0.019363012042801,0.0034450009557096,20264913,20264914
R05,JCheM supplied Test,Aromatic ring,no,10,360,False,exploratory_paired_row_bootstrap,exploratory_paired_row_bootstrap,0.3811575339323081,0.4094470732201388,0.3823333824485055,-0.0282895392878306,-0.0437038990805948,-0.012577043390321,-0.0011758485161973,-0.0171228224762574,0.0144415608329997,20264923,20264924
R05,JCheM supplied Test,Aromatic ring,yes,11,620,False,exploratory_paired_row_bootstrap,exploratory_paired_row_bootstrap,0.4413966176152402,0.4728817661677418,0.455708918840258,-0.0314851485525016,-0.0452892571213809,-0.0176884165315914,-0.0143123012250177,-0.0278628844678099,-0.0009832743126758,20264933,20264934
R05,JCheM supplied Test,N-containing heterocycle,no,12,720,False,exploratory_paired_row_bootstrap,exploratory_paired_row_bootstrap,0.3924940836000251,0.4198917114590834,0.4031651170559194,-0.0273976278590583,-0.0397413546018911,-0.0153320987204466,-0.0106710334558943,-0.0224849557517374,0.0014200907757111,20264943,20264944
R05,JCheM supplied Test,N-containing heterocycle,yes,13,260,False,exploratory_paired_row_bootstrap,exploratory_paired_row_bootstrap,0.4934110574810069,0.5317908043565769,0.4996179349313845,-0.0383797468755699,-0.0583228519314166,-0.018307274656981,-0.0062068774503775,-0.0271805439849248,0.0145220208728142,20264953,20264954
R05,JCheM supplied Test,Carboxyl group,no,14,851,False,exploratory_paired_row_bootstrap,exploratory_paired_row_bootstrap,0.4105286550689148,0.4392686741850176,0.4227179088248766,-0.0287400191161028,-0.0397007169856292,-0.0179702880957733,-0.0121892537559618,-0.0232152411760055,-0.0012897283149074,20264963,20264964
R05,JCheM supplied Test,Carboxyl group,yes,15,129,False,exploratory_paired_row_bootstrap,exploratory_paired_row_bootstrap,0.4769203850653754,0.5175968965255814,0.4685783484686202,-0.0406765114602059,-0.0745626435945519,-0.0062017172068834,0.0083420365967552,-0.0257806542697705,0.0408819736750067,20264973,20264974
R09,ComPlat supplied Test,Molecular weight,<250 Da,0,921,False,exploratory_paired_row_bootstrap,descriptive_only_no_primary_paired_inference,0.3669370234443391,0.372725016179153,0.4503160438799132,-0.0057879927348138,-0.0153584858563055,0.0035424569661895,-0.083379020435574,-0.0988501000684671,-0.0677708250299224,20265823,20265824
R09,ComPlat supplied Test,Molecular weight,250--<400 Da,1,320,False,exploratory_paired_row_bootstrap,descriptive_only_no_primary_paired_inference,0.5058599250433814,0.4975515617499999,0.60545528934375,0.0083083632933814,-0.0108707190534511,0.0275250638225522,-0.0995953643003686,-0.1308089330904383,-0.0693366438634843,20265833,20265834
R09,ComPlat supplied Test,Molecular weight,>=400 Da,2,41,True,exploratory_paired_row_bootstrap,descriptive_only_no_primary_paired_inference,0.6032962949577059,0.595393199512195,0.7579237224390244,0.0079030954455108,-0.0593300533473378,0.0716009765793219,-0.1546274274813185,-0.2765685790907433,-0.0486479748452944,20265843,20265844
R09,ComPlat supplied Test,Rotatable bonds,0,3,344,False,exploratory_paired_row_bootstrap,descriptive_only_no_primary_paired_inference,0.4435848985123334,0.4405892219011628,0.5393408583238373,0.0029956766111706,-0.0144445937536086,0.0203530037166597,-0.0957559598115038,-0.1254721836876191,-0.0657221364684145,20265853,20265854
R09,ComPlat supplied Test,Rotatable bonds,1--4,4,775,False,exploratory_paired_row_bootstrap,descriptive_only_no_primary_paired_inference,0.3802617394041869,0.3797242623703226,0.469333665316129,0.0005374770338643,-0.0097179706894387,0.010773012715748,-0.0890719259119421,-0.106574635172946,-0.072237362178329,20265863,20265864
R09,ComPlat supplied Test,Rotatable bonds,>=5,5,163,False,exploratory_paired_row_bootstrap,descriptive_only_no_primary_paired_inference,0.4740077887907781,0.4972905838650306,0.5539558020858897,-0.0232827950742525,-0.05075503135863,0.0041889556421363,-0.0799480132951115,-0.1210842279217302,-0.0381452324196479,20265873,20265874
R09,ComPlat supplied Test,H-bond donor,no,6,620,False,exploratory_paired_row_bootstrap,descriptive_only_no_primary_paired_inference,0.3738025409272559,0.3793113765032258,0.473325847502258,-0.0055088355759698,-0.0177930869305607,0.0071130254663704,-0.099523306575002,-0.1205151061939787,-0.0794203781994062,20265883,20265884
R09,ComPlat supplied Test,H-bond donor,yes,7,662,False,exploratory_paired_row_bootstrap,descriptive_only_no_primary_paired_inference,0.4422987119705221,0.440686264968278,0.5228090878731118,0.0016124470022441,-0.0101378600593193,0.0133661778153748,-0.0805103759025896,-0.0994363825842558,-0.0615891812606169,20265893,20265894
R09,ComPlat supplied Test,H-bond acceptor,no,8,284,False,exploratory_paired_row_bootstrap,descriptive_only_no_primary_paired_inference,0.3333772956779458,0.3279518679577464,0.4559288524647887,0.0054254277201993,-0.0124354846588841,0.0235449160458013,-0.1225515567868429,-0.1520844453069367,-0.0928747609851516,20265903,20265904
R09,ComPlat supplied Test,H-bond acceptor,yes,9,998,False,exploratory_paired_row_bootstrap,descriptive_only_no_primary_paired_inference,0.4307416540349175,0.4346383069549098,0.5111000476186373,-0.0038966529199923,-0.0135405583601063,0.0058104260558769,-0.0803583935837197,-0.0962827811576143,-0.0645903575168193,20265913,20265914
R09,ComPlat supplied Test,Aromatic ring,no,10,504,False,exploratory_paired_row_bootstrap,descriptive_only_no_primary_paired_inference,0.3580137789675827,0.3674931994027777,0.4345488022936508,-0.009479420435195,-0.0237121310139336,0.0045585272495698,-0.0765350233260681,-0.0994342818434956,-0.0532694635241479,20265923,20265924
R09,ComPlat supplied Test,Aromatic ring,yes,11,778,False,exploratory_paired_row_bootstrap,descriptive_only_no_primary_paired_inference,0.4423141106680239,0.439191244655527,0.5405514720660669,0.0031228660124969,-0.0076447193219901,0.0136575260098864,-0.0982373613980429,-0.1160770643880146,-0.0805567944688679,20265933,20265934
R09,ComPlat supplied Test,N-containing heterocycle,no,12,1016,False,exploratory_paired_row_bootstrap,descriptive_only_no_primary_paired_inference,0.3761446460797374,0.3804591365285433,0.4624296314438976,-0.0043144904488058,-0.0138073918704874,0.0050318403985733,-0.0862849853641601,-0.1017622547224675,-0.0710947814254089,20265943,20265944
R09,ComPlat supplied Test,N-containing heterocycle,yes,13,266,False,exploratory_paired_row_bootstrap,descriptive_only_no_primary_paired_inference,0.5353246702344778,0.5276724741654136,0.6380944965278196,0.0076521960690641,-0.0138285863581976,0.0282398771594185,-0.1027698262933417,-0.1362429892344658,-0.0698286393159261,20265953,20265954
R09,ComPlat supplied Test,Carboxyl group,no,14,1158,False,exploratory_paired_row_bootstrap,descriptive_only_no_primary_paired_inference,0.4022866489161115,0.4054026117599309,0.4930550303932642,-0.0031159628438193,-0.0120295930500059,0.0058862122085772,-0.0907683814771526,-0.1053680011200444,-0.0759356549301724,20265963,20265964
R09,ComPlat supplied Test,Carboxyl group,yes,15,124,False,exploratory_paired_row_bootstrap,descriptive_only_no_primary_paired_inference,0.4734788972139288,0.463315616314516,0.5532573905483871,0.0101632808994127,-0.017722572517532,0.0387210138220116,-0.0797784933344583,-0.1263200613985722,-0.032991931102864,20265973,20265974
