representation,predictor,split,group,trial,tag,model_detail,hidden,depth,dropout,lr,weight_decay,batch_size,max_epochs,best_epoch,device,val_rmse,external_rmse,n,rmse,mae,r2,bias,n_estimators,max_depth,learning_rate,subsample,colsample_bytree,min_child_weight,reg_alpha,reg_lambda,max_bin,params,method,k,weights,metric
chemberta__three_d_gnn,mlp,Train,all,47,external_best_pair,TorchMLP,384.0,2.0,0.45,0.0007552888294695,0.0003488956789854,256.0,360.0,62.0,cuda:0,0.8037519850046376,1.2491763739349726,6437,0.2390162357742217,0.1726288348436355,0.9892787337303162,0.0110298860818147,,,,,,,,,,,,,,
chemberta__three_d_gnn,mlp,Train,not_all6_bad,47,external_best_pair,TorchMLP,384.0,2.0,0.45,0.0007552888294695,0.0003488956789854,256.0,360.0,62.0,cuda:0,0.8037519850046376,1.2491763739349726,6437,0.2390162357742217,0.1726288348436355,0.9892787337303162,0.0110298860818147,,,,,,,,,,,,,,
chemberta__three_d_gnn,mlp,Val,all,47,external_best_pair,TorchMLP,384.0,2.0,0.45,0.0007552888294695,0.0003488956789854,256.0,360.0,62.0,cuda:0,0.8037519850046376,1.2491763739349726,1610,0.8037519850046376,0.5504387021064758,0.8782437443733215,0.0129051152616739,,,,,,,,,,,,,,
chemberta__three_d_gnn,mlp,Val,all6_bad,47,external_best_pair,TorchMLP,384.0,2.0,0.45,0.0007552888294695,0.0003488956789854,256.0,360.0,62.0,cuda:0,0.8037519850046376,1.2491763739349726,74,2.367801699886232,2.20719838142395,0.4577076435089111,-0.3123314976692199,,,,,,,,,,,,,,
chemberta__three_d_gnn,mlp,Val,not_all6_bad,47,external_best_pair,TorchMLP,384.0,2.0,0.45,0.0007552888294695,0.0003488956789854,256.0,360.0,62.0,cuda:0,0.8037519850046376,1.2491763739349726,1536,0.6379939923511814,0.4706208705902099,0.9195514917373656,0.0285740699619054,,,,,,,,,,,,,,
chemberta__three_d_gnn,mlp,External,all,47,external_best_pair,TorchMLP,384.0,2.0,0.45,0.0007552888294695,0.0003488956789854,256.0,360.0,62.0,cuda:0,0.8037519850046376,1.2491763739349726,2251,1.2491763739349726,0.8437864780426025,0.6086249351501465,-0.0987621396780014,,,,,,,,,,,,,,
chemberta__three_d_gnn,mlp,External,all6_bad,47,external_best_pair,TorchMLP,384.0,2.0,0.45,0.0007552888294695,0.0003488956789854,256.0,360.0,62.0,cuda:0,0.8037519850046376,1.2491763739349726,256,2.9599552991430134,2.727266788482666,-0.1497131586074829,-0.6866495609283447,,,,,,,,,,,,,,
chemberta__three_d_gnn,mlp,External,not_all6_bad,47,external_best_pair,TorchMLP,384.0,2.0,0.45,0.0007552888294695,0.0003488956789854,256.0,360.0,62.0,cuda:0,0.8037519850046376,1.2491763739349726,1995,0.7977575389131661,0.6020967960357666,0.8181912302970886,-0.0233239382505416,,,,,,,,,,,,,,
chemberta__three_d_gnn,xgb,Train,all,34,external_top_pair_alt_head,XGBRegressor,,,,,,,,,,0.8184334441467209,1.285258419532408,6437,0.0669747101810054,0.0502595268189907,0.9991582036018372,-8.836175402393565e-05,1800.0,4.0,0.0562226263092247,0.6,0.7,20.0,0.0021039104694251,2.8826140062969405,256.0,,,,,
chemberta__three_d_gnn,xgb,Train,not_all6_bad,34,external_top_pair_alt_head,XGBRegressor,,,,,,,,,,0.8184334441467209,1.285258419532408,6437,0.0669747101810054,0.0502595268189907,0.9991582036018372,-8.836175402393565e-05,1800.0,4.0,0.0562226263092247,0.6,0.7,20.0,0.0021039104694251,2.8826140062969405,256.0,,,,,
chemberta__three_d_gnn,xgb,Val,all,34,external_top_pair_alt_head,XGBRegressor,,,,,,,,,,0.8184334441467209,1.285258419532408,1610,0.8184334441467209,0.5680945515632629,0.8737550973892212,-0.004389532841742,1800.0,4.0,0.0562226263092247,0.6,0.7,20.0,0.0021039104694251,2.8826140062969405,256.0,,,,,
chemberta__three_d_gnn,xgb,Val,all6_bad,34,external_top_pair_alt_head,XGBRegressor,,,,,,,,,,0.8184334441467209,1.285258419532408,74,2.3598513090846995,2.1802520751953125,0.4613432288169861,-0.3277567625045776,1800.0,4.0,0.0562226263092247,0.6,0.7,20.0,0.0021039104694251,2.8826140062969405,256.0,,,,,
chemberta__three_d_gnn,xgb,Val,not_all6_bad,34,external_top_pair_alt_head,XGBRegressor,,,,,,,,,,0.8184334441467209,1.285258419532408,1536,0.6586430830935541,0.4904254376888275,0.914259672164917,0.0111893592402338,1800.0,4.0,0.0562226263092247,0.6,0.7,20.0,0.0021039104694251,2.8826140062969405,256.0,,,,,
chemberta__three_d_gnn,xgb,External,all,34,external_top_pair_alt_head,XGBRegressor,,,,,,,,,,0.8184334441467209,1.285258419532408,2251,1.285258419532408,0.8729894757270813,0.5856889486312866,-0.1536803692579269,1800.0,4.0,0.0562226263092247,0.6,0.7,20.0,0.0021039104694251,2.8826140062969405,256.0,,,,,
chemberta__three_d_gnn,xgb,External,all6_bad,34,external_top_pair_alt_head,XGBRegressor,,,,,,,,,,0.8184334441467209,1.285258419532408,256,3.009962071784956,2.767752170562744,-0.1888889074325561,-0.7297221422195435,1800.0,4.0,0.0562226263092247,0.6,0.7,20.0,0.0021039104694251,2.8826140062969405,256.0,,,,,
chemberta__three_d_gnn,xgb,External,not_all6_bad,34,external_top_pair_alt_head,XGBRegressor,,,,,,,,,,0.8184334441467209,1.285258419532408,1995,0.8374311347660872,0.6298519968986511,0.7996584177017212,-0.0797622427344322,1800.0,4.0,0.0562226263092247,0.6,0.7,20.0,0.0021039104694251,2.8826140062969405,256.0,,,,,
chemberta__three_d_gnn,ridge,Train,all,2,external_top_pair_linear_check,ridge_alpha_0.03162,,,,,,,,,,0.8622283037685083,1.297941068457665,6437,0.3452556213726471,0.2601992487907409,0.9776296615600586,-1.3459890624289986e-07,,,,,,,,,,"{'alpha': 0.03162277660168379, 'copy_X': True, 'fit_intercept': True, 'max_iter': None, 'positive': False, 'random_state': None, 'solver': 'auto', 'tol': 0.0001}",,,,
chemberta__three_d_gnn,ridge,Train,not_all6_bad,2,external_top_pair_linear_check,ridge_alpha_0.03162,,,,,,,,,,0.8622283037685083,1.297941068457665,6437,0.3452556213726471,0.2601992487907409,0.9776296615600586,-1.3459890624289986e-07,,,,,,,,,,"{'alpha': 0.03162277660168379, 'copy_X': True, 'fit_intercept': True, 'max_iter': None, 'positive': False, 'random_state': None, 'solver': 'auto', 'tol': 0.0001}",,,,
chemberta__three_d_gnn,ridge,Val,all,2,external_top_pair_linear_check,ridge_alpha_0.03162,,,,,,,,,,0.8622283037685083,1.297941068457665,1610,0.8622283037685083,0.6102364659309387,0.8598827123641968,-0.0032881186343729,,,,,,,,,,"{'alpha': 0.03162277660168379, 'copy_X': True, 'fit_intercept': True, 'max_iter': None, 'positive': False, 'random_state': None, 'solver': 'auto', 'tol': 0.0001}",,,,
chemberta__three_d_gnn,ridge,Val,all6_bad,2,external_top_pair_linear_check,ridge_alpha_0.03162,,,,,,,,,,0.8622283037685083,1.297941068457665,74,2.397301519808007,2.231157064437866,0.4441108703613281,-0.3701294064521789,,,,,,,,,,"{'alpha': 0.03162277660168379, 'copy_X': True, 'fit_intercept': True, 'max_iter': None, 'positive': False, 'random_state': None, 'solver': 'auto', 'tol': 0.0001}",,,,
chemberta__three_d_gnn,ridge,Val,not_all6_bad,2,external_top_pair_linear_check,ridge_alpha_0.03162,,,,,,,,,,0.8622283037685083,1.297941068457665,1536,0.7087862773135206,0.5321452617645264,0.9007077217102051,0.0143852205947041,,,,,,,,,,"{'alpha': 0.03162277660168379, 'copy_X': True, 'fit_intercept': True, 'max_iter': None, 'positive': False, 'random_state': None, 'solver': 'auto', 'tol': 0.0001}",,,,
chemberta__three_d_gnn,ridge,External,all,2,external_top_pair_linear_check,ridge_alpha_0.03162,,,,,,,,,,0.8622283037685083,1.297941068457665,2251,1.297941068457665,0.8902117609977722,0.5774719715118408,-0.1291475445032119,,,,,,,,,,"{'alpha': 0.03162277660168379, 'copy_X': True, 'fit_intercept': True, 'max_iter': None, 'positive': False, 'random_state': None, 'solver': 'auto', 'tol': 0.0001}",,,,
chemberta__three_d_gnn,ridge,External,all6_bad,2,external_top_pair_linear_check,ridge_alpha_0.03162,,,,,,,,,,0.8622283037685083,1.297941068457665,256,3.01302165979601,2.745306968688965,-0.1913070678710937,-0.6779334545135498,,,,,,,,,,"{'alpha': 0.03162277660168379, 'copy_X': True, 'fit_intercept': True, 'max_iter': None, 'positive': False, 'random_state': None, 'solver': 'auto', 'tol': 0.0001}",,,,
chemberta__three_d_gnn,ridge,External,not_all6_bad,2,external_top_pair_linear_check,ridge_alpha_0.03162,,,,,,,,,,0.8622283037685083,1.297941068457665,1995,0.8578414759232491,0.6521644592285156,0.78977370262146,-0.0587268881499767,,,,,,,,,,"{'alpha': 0.03162277660168379, 'copy_X': True, 'fit_intercept': True, 'max_iter': None, 'positive': False, 'random_state': None, 'solver': 'auto', 'tol': 0.0001}",,,,
chemberta__brics_gnn,xgb,Train,all,2,external_top_subgroup_alt_head,XGBRegressor,,,,,,,,,,0.8538636080887051,1.275592361548501,6437,0.2391379386952865,0.1706726849079132,0.9892678260803224,0.0026703448966145,400.0,7.0,0.009192988530208,0.9,0.35,4.0,0.0,4.006636934772656,256.0,,,,,
chemberta__brics_gnn,xgb,Train,not_all6_bad,2,external_top_subgroup_alt_head,XGBRegressor,,,,,,,,,,0.8538636080887051,1.275592361548501,6437,0.2391379386952865,0.1706726849079132,0.9892678260803224,0.0026703448966145,400.0,7.0,0.009192988530208,0.9,0.35,4.0,0.0,4.006636934772656,256.0,,,,,
chemberta__brics_gnn,xgb,Val,all,2,external_top_subgroup_alt_head,XGBRegressor,,,,,,,,,,0.8538636080887051,1.275592361548501,1610,0.8538636080887051,0.5992898344993591,0.8625881671905518,-0.0087916767224669,400.0,7.0,0.009192988530208,0.9,0.35,4.0,0.0,4.006636934772656,256.0,,,,,
chemberta__brics_gnn,xgb,Val,all6_bad,2,external_top_subgroup_alt_head,XGBRegressor,,,,,,,,,,0.8538636080887051,1.275592361548501,74,2.45072197299782,2.3083386421203613,0.419060468673706,-0.3328622579574585,400.0,7.0,0.009192988530208,0.9,0.35,4.0,0.0,4.006636934772656,256.0,,,,,
chemberta__brics_gnn,xgb,Val,not_all6_bad,2,external_top_subgroup_alt_head,XGBRegressor,,,,,,,,,,0.8538636080887051,1.275592361548501,1536,0.6890970234429223,0.5169528126716614,0.906147599220276,0.0068210996687412,400.0,7.0,0.009192988530208,0.9,0.35,4.0,0.0,4.006636934772656,256.0,,,,,
chemberta__brics_gnn,xgb,External,all,2,external_top_subgroup_alt_head,XGBRegressor,,,,,,,,,,0.8538636080887051,1.275592361548501,2251,1.275592361548501,0.8741775751113892,0.5918973684310913,-0.0838672518730163,400.0,7.0,0.009192988530208,0.9,0.35,4.0,0.0,4.006636934772656,256.0,,,,,
chemberta__brics_gnn,xgb,External,all6_bad,2,external_top_subgroup_alt_head,XGBRegressor,,,,,,,,,,0.8538636080887051,1.275592361548501,256,2.9978327870425634,2.7514355182647705,-0.1793264150619506,-0.6763594746589661,400.0,7.0,0.009192988530208,0.9,0.35,4.0,0.0,4.006636934772656,256.0,,,,,
chemberta__brics_gnn,xgb,External,not_all6_bad,2,external_top_subgroup_alt_head,XGBRegressor,,,,,,,,,,0.8538636080887051,1.275592361548501,1995,0.8262639636938834,0.6332862377166748,0.8049658536911011,-0.0078381709754467,400.0,7.0,0.009192988530208,0.9,0.35,4.0,0.0,4.006636934772656,256.0,,,,,
chemberta__murcko_gnn,xgb,Train,all,68,external_top_subgroup_alt_head,XGBRegressor,,,,,,,,,,0.8530061715898934,1.288879705241981,6437,0.0826877453900211,0.0626242160797119,0.9987168908119202,1.2882918781542683e-05,1000.0,7.0,0.0153567445453665,1.0,0.35,1.0,1.0845879923566005e-06,1.784725363417658,512.0,,,,,
chemberta__murcko_gnn,xgb,Train,not_all6_bad,68,external_top_subgroup_alt_head,XGBRegressor,,,,,,,,,,0.8530061715898934,1.288879705241981,6437,0.0826877453900211,0.0626242160797119,0.9987168908119202,1.2882918781542683e-05,1000.0,7.0,0.0153567445453665,1.0,0.35,1.0,1.0845879923566005e-06,1.784725363417658,512.0,,,,,
chemberta__murcko_gnn,xgb,Val,all,68,external_top_subgroup_alt_head,XGBRegressor,,,,,,,,,,0.8530061715898934,1.288879705241981,1610,0.8530061715898934,0.5932195782661438,0.8628640174865723,-0.0049363863654434,1000.0,7.0,0.0153567445453665,1.0,0.35,1.0,1.0845879923566005e-06,1.784725363417658,512.0,,,,,
chemberta__murcko_gnn,xgb,Val,all6_bad,68,external_top_subgroup_alt_head,XGBRegressor,,,,,,,,,,0.8530061715898934,1.288879705241981,74,2.465642881147287,2.2889249324798584,0.411965012550354,-0.4069648385047912,1000.0,7.0,0.0153567445453665,1.0,0.35,1.0,1.0845879923566005e-06,1.784725363417658,512.0,,,,,
chemberta__murcko_gnn,xgb,Val,not_all6_bad,68,external_top_subgroup_alt_head,XGBRegressor,,,,,,,,,,0.8530061715898934,1.288879705241981,1536,0.6854097712864666,0.5115253925323486,0.9071492552757264,0.0144321741536259,1000.0,7.0,0.0153567445453665,1.0,0.35,1.0,1.0845879923566005e-06,1.784725363417658,512.0,,,,,
chemberta__murcko_gnn,xgb,External,all,68,external_top_subgroup_alt_head,XGBRegressor,,,,,,,,,,0.8530061715898934,1.288879705241981,2251,1.288879705241981,0.8743491768836975,0.5833509564399719,-0.0650762766599655,1000.0,7.0,0.0153567445453665,1.0,0.35,1.0,1.0845879923566005e-06,1.784725363417658,512.0,,,,,
chemberta__murcko_gnn,xgb,External,all6_bad,68,external_top_subgroup_alt_head,XGBRegressor,,,,,,,,,,0.8530061715898934,1.288879705241981,256,3.0298505875917185,2.765425205230713,-0.2046520709991455,-0.6852163076400757,1000.0,7.0,0.0153567445453665,1.0,0.35,1.0,1.0845879923566005e-06,1.784725363417658,512.0,,,,,
chemberta__murcko_gnn,xgb,External,not_all6_bad,68,external_top_subgroup_alt_head,XGBRegressor,,,,,,,,,,0.8530061715898934,1.288879705241981,1995,0.8345025840111296,0.6316847801208496,0.8010571599006653,0.0145005686208605,1000.0,7.0,0.0153567445453665,1.0,0.35,1.0,1.0845879923566005e-06,1.784725363417658,512.0,,,,,
mordred__ecfp,knn_svm,Train,all,35,all6_bad_best_pair,KNeighborsRegressor,,,,,,,,,,1.083767256122598,1.297335342684529,6437,0.0,0.0,1.0,0.0,,,,,,,,,,,sklearn_knn,10.0,distance,manhattan
mordred__ecfp,knn_svm,Train,not_all6_bad,35,all6_bad_best_pair,KNeighborsRegressor,,,,,,,,,,1.083767256122598,1.297335342684529,6437,0.0,0.0,1.0,0.0,,,,,,,,,,,sklearn_knn,10.0,distance,manhattan
mordred__ecfp,knn_svm,Val,all,35,all6_bad_best_pair,KNeighborsRegressor,,,,,,,,,,1.083767256122598,1.297335342684529,1610,1.083767256122598,0.7546103269152843,0.7786297894273372,0.0083887756947796,,,,,,,,,,,sklearn_knn,10.0,distance,manhattan
mordred__ecfp,knn_svm,Val,all6_bad,35,all6_bad_best_pair,KNeighborsRegressor,,,,,,,,,,1.083767256122598,1.297335342684529,74,2.775685414779228,2.4842266524974383,0.2547820505652747,-0.4584674143007133,,,,,,,,,,,sklearn_knn,10.0,distance,manhattan
mordred__ecfp,knn_svm,Val,not_all6_bad,35,all6_bad_best_pair,KNeighborsRegressor,,,,,,,,,,1.083767256122598,1.297335342684529,1536,0.9273408144609184,0.6712824570630191,0.830033422186959,0.030880545264875,,,,,,,,,,,sklearn_knn,10.0,distance,manhattan
mordred__ecfp,knn_svm,External,all,35,all6_bad_best_pair,KNeighborsRegressor,,,,,,,,,,1.083767256122598,1.297335342684529,2251,1.297335342684529,0.8981755636860493,0.5778661845413544,-0.0568078119016085,,,,,,,,,,,sklearn_knn,10.0,distance,manhattan
mordred__ecfp,knn_svm,External,all6_bad,35,all6_bad_best_pair,KNeighborsRegressor,,,,,,,,,,1.083767256122598,1.297335342684529,256,2.973062734257045,2.6476475562548467,-0.1599182433944663,-0.7931292980258309,,,,,,,,,,,sklearn_knn,10.0,distance,manhattan
mordred__ecfp,knn_svm,External,not_all6_bad,35,all6_bad_best_pair,KNeighborsRegressor,,,,,,,,,,1.083767256122598,1.297335342684529,1995,0.8745355206878406,0.6736819145143138,0.7815118533331666,0.0376775517313744,,,,,,,,,,,sklearn_knn,10.0,distance,manhattan
mordred__ecfp,xgb,Train,all,37,all6_bad_pair_alt_head,XGBRegressor,,,,,,,,,,0.8287473535279701,1.2943216949641738,6437,0.1134758215533702,0.0856528505682945,0.9975834488868712,-9.728111035656184e-05,1800.0,6.0,0.0469465874782669,0.6,0.7,2.0,6.804608875768856e-06,3.356620580339294,256.0,,,,,
mordred__ecfp,xgb,Train,not_all6_bad,37,all6_bad_pair_alt_head,XGBRegressor,,,,,,,,,,0.8287473535279701,1.2943216949641738,6437,0.1134758215533702,0.0856528505682945,0.9975834488868712,-9.728111035656184e-05,1800.0,6.0,0.0469465874782669,0.6,0.7,2.0,6.804608875768856e-06,3.356620580339294,256.0,,,,,
mordred__ecfp,xgb,Val,all,37,all6_bad_pair_alt_head,XGBRegressor,,,,,,,,,,0.8287473535279701,1.2943216949641738,1610,0.8287473535279701,0.5764979124069214,0.8705531358718872,-0.0338910371065139,1800.0,6.0,0.0469465874782669,0.6,0.7,2.0,6.804608875768856e-06,3.356620580339294,256.0,,,,,
mordred__ecfp,xgb,Val,all6_bad,37,all6_bad_pair_alt_head,XGBRegressor,,,,,,,,,,0.8287473535279701,1.2943216949641738,74,2.2826813688220664,2.121126651763916,0.4959966540336609,-0.2731960117816925,1800.0,6.0,0.0469465874782669,0.6,0.7,2.0,6.804608875768856e-06,3.356620580339294,256.0,,,,,
mordred__ecfp,xgb,Val,not_all6_bad,37,all6_bad_pair_alt_head,XGBRegressor,,,,,,,,,,0.8287473535279701,1.2943216949641738,1536,0.684746690957304,0.5020822882652283,0.9073288440704346,-0.0223620161414146,1800.0,6.0,0.0469465874782669,0.6,0.7,2.0,6.804608875768856e-06,3.356620580339294,256.0,,,,,
mordred__ecfp,xgb,External,all,37,all6_bad_pair_alt_head,XGBRegressor,,,,,,,,,,0.8287473535279701,1.2943216949641738,2251,1.2943216949641738,0.8760639429092407,0.5798251032829285,-0.0979204177856445,1800.0,6.0,0.0469465874782669,0.6,0.7,2.0,6.804608875768856e-06,3.356620580339294,256.0,,,,,
mordred__ecfp,xgb,External,all6_bad,37,all6_bad_pair_alt_head,XGBRegressor,,,,,,,,,,0.8287473535279701,1.2943216949641738,256,3.010677251570244,2.763710021972656,-0.1894539594650268,-0.7792690992355347,1800.0,6.0,0.0469465874782669,0.6,0.7,2.0,6.804608875768856e-06,3.356620580339294,256.0,,,,,
mordred__ecfp,xgb,External,not_all6_bad,37,all6_bad_pair_alt_head,XGBRegressor,,,,,,,,,,0.8287473535279701,1.2943216949641738,1995,0.8527120478070966,0.6338396072387695,0.7922802567481995,-0.0104892188683152,1800.0,6.0,0.0469465874782669,0.6,0.7,2.0,6.804608875768856e-06,3.356620580339294,256.0,,,,,
mordred__ecfp,mlp,Train,all,4,all6_bad_pair_alt_head,TorchMLP,256.0,4.0,0.0,0.002263724395245,1.0437156664069185e-07,256.0,360.0,24.0,cuda:0,0.9135867453877964,1.325546409295237,6437,0.4377518678186328,0.3124277889728546,0.9640377163887024,0.0420921742916107,,,,,,,,,,,,,,
mordred__ecfp,mlp,Train,not_all6_bad,4,all6_bad_pair_alt_head,TorchMLP,256.0,4.0,0.0,0.002263724395245,1.0437156664069185e-07,256.0,360.0,24.0,cuda:0,0.9135867453877964,1.325546409295237,6437,0.4377518678186328,0.3124277889728546,0.9640377163887024,0.0420921742916107,,,,,,,,,,,,,,
mordred__ecfp,mlp,Val,all,4,all6_bad_pair_alt_head,TorchMLP,256.0,4.0,0.0,0.002263724395245,1.0437156664069185e-07,256.0,360.0,24.0,cuda:0,0.9135867453877964,1.325546409295237,1610,0.9135867453877964,0.645241379737854,0.8426934480667114,0.0520889721810817,,,,,,,,,,,,,,
mordred__ecfp,mlp,Val,all6_bad,4,all6_bad_pair_alt_head,TorchMLP,256.0,4.0,0.0,0.002263724395245,1.0437156664069185e-07,256.0,360.0,24.0,cuda:0,0.9135867453877964,1.325546409295237,74,2.3379233604185305,2.156552314758301,0.4713072180747986,-0.2069112807512283,,,,,,,,,,,,,,
mordred__ecfp,mlp,Val,not_all6_bad,4,all6_bad_pair_alt_head,TorchMLP,256.0,4.0,0.0,0.002263724395245,1.0437156664069185e-07,256.0,360.0,24.0,cuda:0,0.9135867453877964,1.325546409295237,1536,0.7819980473286672,0.5724308490753174,0.8791362643241882,0.0645668432116508,,,,,,,,,,,,,,
mordred__ecfp,mlp,External,all,4,all6_bad_pair_alt_head,TorchMLP,256.0,4.0,0.0,0.002263724395245,1.0437156664069185e-07,256.0,360.0,24.0,cuda:0,0.9135867453877964,1.325546409295237,2251,1.325546409295237,0.9346601366996764,0.5593076944351196,-0.0647722631692886,,,,,,,,,,,,,,
mordred__ecfp,mlp,External,all6_bad,4,all6_bad_pair_alt_head,TorchMLP,256.0,4.0,0.0,0.002263724395245,1.0437156664069185e-07,256.0,360.0,24.0,cuda:0,0.9135867453877964,1.325546409295237,256,2.964616166176719,2.7265734672546387,-0.1533368825912475,-0.6750473976135254,,,,,,,,,,,,,,
mordred__ecfp,mlp,External,not_all6_bad,4,all6_bad_pair_alt_head,TorchMLP,256.0,4.0,0.0,0.002263724395245,1.0437156664069185e-07,256.0,360.0,24.0,cuda:0,0.9135867453877964,1.325546409295237,1995,0.9245200277978388,0.7047203183174133,0.755822479724884,0.0135387377813458,,,,,,,,,,,,,,
ecfp__atom_gnn,knn_svm,Train,all,29,all6_bad_second_pair,KNeighborsRegressor,,,,,,,,,,0.9432299715201728,1.6691898999668668,6437,0.0,0.0,1.0,0.0,,,,,,,,,,,sklearn_knn,7.0,distance,manhattan
ecfp__atom_gnn,knn_svm,Train,not_all6_bad,29,all6_bad_second_pair,KNeighborsRegressor,,,,,,,,,,0.9432299715201728,1.6691898999668668,6437,0.0,0.0,1.0,0.0,,,,,,,,,,,sklearn_knn,7.0,distance,manhattan
ecfp__atom_gnn,knn_svm,Val,all,29,all6_bad_second_pair,KNeighborsRegressor,,,,,,,,,,0.9432299715201728,1.6691898999668668,1610,0.9432299715201728,0.6746619346534002,0.8323195960644932,0.048788730440685,,,,,,,,,,,sklearn_knn,7.0,distance,manhattan
ecfp__atom_gnn,knn_svm,Val,all6_bad,29,all6_bad_second_pair,KNeighborsRegressor,,,,,,,,,,0.9432299715201728,1.6691898999668668,74,2.320372261636655,2.0602363944332858,0.4792153794859685,-0.11180917248307,,,,,,,,,,,sklearn_knn,7.0,distance,manhattan
ecfp__atom_gnn,knn_svm,Val,not_all6_bad,29,all6_bad_second_pair,KNeighborsRegressor,,,,,,,,,,0.9432299715201728,1.6691898999668668,1536,0.820459349736533,0.6079089984400463,0.8669548896357262,0.0565258689930013,,,,,,,,,,,sklearn_knn,7.0,distance,manhattan
ecfp__atom_gnn,knn_svm,External,all,29,all6_bad_second_pair,KNeighborsRegressor,,,,,,,,,,0.9432299715201728,1.6691898999668668,2251,1.6691898999668668,1.1106209659852588,0.3011931708944632,-0.18850359443776,,,,,,,,,,,sklearn_knn,7.0,distance,manhattan
ecfp__atom_gnn,knn_svm,External,all6_bad,29,all6_bad_second_pair,KNeighborsRegressor,,,,,,,,,,0.9432299715201728,1.6691898999668668,256,3.332386437012439,3.0079621892309967,-0.4572361922702321,-0.6660466254107049,,,,,,,,,,,sklearn_knn,7.0,distance,manhattan
ecfp__atom_gnn,knn_svm,External,not_all6_bad,29,all6_bad_second_pair,KNeighborsRegressor,,,,,,,,,,0.9432299715201728,1.6691898999668668,1995,1.311009125981817,0.8671526185411944,0.5089967091001664,-0.1272248897114072,,,,,,,,,,,sklearn_knn,7.0,distance,manhattan
ecfp__murcko_gnn,mlp,Train,all,9,all6_bad_top_pair,TorchMLP,384.0,4.0,0.45,0.0008190940398622,1.1830408798397682e-08,64.0,360.0,31.0,cuda:0,0.9037987014501182,1.341663159588955,6437,0.3768023846702175,0.2726036608219147,0.9733548164367676,-0.0079771634191274,,,,,,,,,,,,,,
ecfp__murcko_gnn,mlp,Train,not_all6_bad,9,all6_bad_top_pair,TorchMLP,384.0,4.0,0.45,0.0008190940398622,1.1830408798397682e-08,64.0,360.0,31.0,cuda:0,0.9037987014501182,1.341663159588955,6437,0.3768023846702175,0.2726036608219147,0.9733548164367676,-0.0079771634191274,,,,,,,,,,,,,,
ecfp__murcko_gnn,mlp,Val,all,9,all6_bad_top_pair,TorchMLP,384.0,4.0,0.45,0.0008190940398622,1.1830408798397682e-08,64.0,360.0,31.0,cuda:0,0.9037987014501182,1.341663159588955,1610,0.9037987014501182,0.6554296016693115,0.8460461497306824,0.0104846572503447,,,,,,,,,,,,,,
ecfp__murcko_gnn,mlp,Val,all6_bad,9,all6_bad_top_pair,TorchMLP,384.0,4.0,0.45,0.0008190940398622,1.1830408798397682e-08,64.0,360.0,31.0,cuda:0,0.9037987014501182,1.341663159588955,74,2.2878948266992323,2.0692920684814453,0.4936918020248413,-0.1881396770477295,,,,,,,,,,,,,,
ecfp__murcko_gnn,mlp,Val,not_all6_bad,9,all6_bad_top_pair,TorchMLP,384.0,4.0,0.45,0.0008190940398622,1.1830408798397682e-08,64.0,360.0,31.0,cuda:0,0.9037987014501182,1.341663159588955,1536,0.7771900734362237,0.5873138904571533,0.8806178569793701,0.0200538039207458,,,,,,,,,,,,,,
ecfp__murcko_gnn,mlp,External,all,9,all6_bad_top_pair,TorchMLP,384.0,4.0,0.45,0.0008190940398622,1.1830408798397682e-08,64.0,360.0,31.0,cuda:0,0.9037987014501182,1.341663159588955,2251,1.341663159588955,0.9121334552764891,0.5485261678695679,-0.0855181962251663,,,,,,,,,,,,,,
ecfp__murcko_gnn,mlp,External,all6_bad,9,all6_bad_top_pair,TorchMLP,384.0,4.0,0.45,0.0008190940398622,1.1830408798397682e-08,64.0,360.0,31.0,cuda:0,0.9037987014501182,1.341663159588955,256,3.1012863689659462,2.813936471939087,-0.2621266841888428,-0.7315367460250854,,,,,,,,,,,,,,
ecfp__murcko_gnn,mlp,External,not_all6_bad,9,all6_bad_top_pair,TorchMLP,384.0,4.0,0.45,0.0008190940398622,1.1830408798397682e-08,64.0,360.0,31.0,cuda:0,0.9037987014501182,1.341663159588955,1995,0.8926695061114532,0.6680925488471985,0.7723569869995117,-0.0026205803733319,,,,,,,,,,,,,,
ecfp__brics_gnn,mlp,Train,all,10,all6_bad_top_pair,TorchMLP,192.0,4.0,0.45,0.0018372653411796,0.0016176991223875,128.0,360.0,36.0,cuda:0,0.9289082057922666,1.3988689417717666,6437,0.3808065720169866,0.2722468078136444,0.9727855324745178,0.0115947118028998,,,,,,,,,,,,,,
ecfp__brics_gnn,mlp,Train,not_all6_bad,10,all6_bad_top_pair,TorchMLP,192.0,4.0,0.45,0.0018372653411796,0.0016176991223875,128.0,360.0,36.0,cuda:0,0.9289082057922666,1.3988689417717666,6437,0.3808065720169866,0.2722468078136444,0.9727855324745178,0.0115947118028998,,,,,,,,,,,,,,
ecfp__brics_gnn,mlp,Val,all,10,all6_bad_top_pair,TorchMLP,192.0,4.0,0.45,0.0018372653411796,0.0016176991223875,128.0,360.0,36.0,cuda:0,0.9289082057922666,1.3988689417717666,1610,0.9289082057922666,0.6698410511016846,0.8373729586601257,0.0331495366990566,,,,,,,,,,,,,,
ecfp__brics_gnn,mlp,Val,all6_bad,10,all6_bad_top_pair,TorchMLP,192.0,4.0,0.45,0.0018372653411796,0.0016176991223875,128.0,360.0,36.0,cuda:0,0.9289082057922666,1.3988689417717666,74,2.3125259810354275,2.123692035675049,0.4827314615249634,-0.0677106082439422,,,,,,,,,,,,,,
ecfp__brics_gnn,mlp,Val,not_all6_bad,10,all6_bad_top_pair,TorchMLP,192.0,4.0,0.45,0.0018372653411796,0.0016176991223875,128.0,360.0,36.0,cuda:0,0.9289082057922666,1.3988689417717666,1536,0.8042392037508636,0.5997987985610962,0.8721634149551392,0.0380086787045002,,,,,,,,,,,,,,
ecfp__brics_gnn,mlp,External,all,10,all6_bad_top_pair,TorchMLP,192.0,4.0,0.45,0.0018372653411796,0.0016176991223875,128.0,360.0,36.0,cuda:0,0.9289082057922666,1.3988689417717666,2251,1.3988689417717666,0.9545360207557678,0.5092055201530457,-0.1156636551022529,,,,,,,,,,,,,,
ecfp__brics_gnn,mlp,External,all6_bad,10,all6_bad_top_pair,TorchMLP,192.0,4.0,0.45,0.0018372653411796,0.0016176991223875,128.0,360.0,36.0,cuda:0,0.9289082057922666,1.3988689417717666,256,3.0904099130181675,2.8063926696777344,-0.2532894611358642,-0.6977047920227051,,,,,,,,,,,,,,
ecfp__brics_gnn,mlp,External,not_all6_bad,10,all6_bad_top_pair,TorchMLP,192.0,4.0,0.45,0.0018372653411796,0.0016176991223875,128.0,360.0,36.0,cuda:0,0.9289082057922666,1.3988689417717666,1995,0.9911568462476956,0.7169044017791748,0.7193547487258911,-0.0409756675362587,,,,,,,,,,,,,,
ecfp__three_d_gnn,mlp,Train,all,34,all6_bad_top_pair,TorchMLP,96.0,4.0,0.25,0.000974518051236,1.8664380221085603e-06,64.0,360.0,36.0,cuda:0,0.8531661725851055,1.375249883313669,6437,0.2570191951580045,0.1880160868167877,0.9876028299331664,0.0127878533676266,,,,,,,,,,,,,,
ecfp__three_d_gnn,mlp,Train,not_all6_bad,34,all6_bad_top_pair,TorchMLP,96.0,4.0,0.25,0.000974518051236,1.8664380221085603e-06,64.0,360.0,36.0,cuda:0,0.8531661725851055,1.375249883313669,6437,0.2570191951580045,0.1880160868167877,0.9876028299331664,0.0127878533676266,,,,,,,,,,,,,,
ecfp__three_d_gnn,mlp,Val,all,34,all6_bad_top_pair,TorchMLP,96.0,4.0,0.25,0.000974518051236,1.8664380221085603e-06,64.0,360.0,36.0,cuda:0,0.8531661725851055,1.375249883313669,1610,0.8531661725851055,0.5961418151855469,0.8628125190734863,0.0044480198994278,,,,,,,,,,,,,,
ecfp__three_d_gnn,mlp,Val,all6_bad,34,all6_bad_top_pair,TorchMLP,96.0,4.0,0.25,0.000974518051236,1.8664380221085603e-06,64.0,360.0,36.0,cuda:0,0.8531661725851055,1.375249883313669,74,2.3781107557474197,2.138073444366455,0.4529752135276794,-0.2900250256061554,,,,,,,,,,,,,,
ecfp__three_d_gnn,mlp,Val,not_all6_bad,34,all6_bad_top_pair,TorchMLP,96.0,4.0,0.25,0.000974518051236,1.8664380221085603e-06,64.0,360.0,36.0,cuda:0,0.8531661725851055,1.375249883313669,1536,0.7003564157125783,0.5218560695648193,0.9030555486679076,0.018634870648384,,,,,,,,,,,,,,
ecfp__three_d_gnn,mlp,External,all,34,all6_bad_top_pair,TorchMLP,96.0,4.0,0.25,0.000974518051236,1.8664380221085603e-06,64.0,360.0,36.0,cuda:0,0.8531661725851055,1.375249883313669,2251,1.375249883313669,0.9274765849113464,0.5256391763687134,-0.2223556488752365,,,,,,,,,,,,,,
ecfp__three_d_gnn,mlp,External,all6_bad,34,all6_bad_top_pair,TorchMLP,96.0,4.0,0.25,0.000974518051236,1.8664380221085603e-06,64.0,360.0,36.0,cuda:0,0.8531661725851055,1.375249883313669,256,3.112980731163104,2.8160808086395264,-0.2716631889343261,-0.8199558258056641,,,,,,,,,,,,,,
ecfp__three_d_gnn,mlp,External,not_all6_bad,34,all6_bad_top_pair,TorchMLP,96.0,4.0,0.25,0.000974518051236,1.8664380221085603e-06,64.0,360.0,36.0,cuda:0,0.8531661725851055,1.375249883313669,1995,0.9436604589969791,0.6851294636726379,0.7456073760986328,-0.1456710994243621,,,,,,,,,,,,,,
