representation,predictor,split,group,trial,model_detail,n_estimators,max_depth,learning_rate,subsample,colsample_bytree,min_child_weight,reg_alpha,reg_lambda,val_rmse,external_rmse,n,rmse,mae,r2,bias,params,hidden,depth,dropout,lr,weight_decay,batch_size,max_epochs,best_epoch,device,method,k,weights,metric
mordred,xgb,Train,all,10,XGBRegressor,500.0,6.0,0.0286940788306809,1.0,0.45,10.0,0.01,2.0,0.8386208791024566,1.2755410542357917,6437,0.4228614295002086,0.3056217133998871,0.9664427042007446,-2.889202005462721e-05,,,,,,,,,,,,,,
mordred,xgb,Train,not_all6_bad,10,XGBRegressor,500.0,6.0,0.0286940788306809,1.0,0.45,10.0,0.01,2.0,0.8386208791024566,1.2755410542357917,6437,0.4228614295002086,0.3056217133998871,0.9664427042007446,-2.889202005462721e-05,,,,,,,,,,,,,,
mordred,xgb,Val,all,10,XGBRegressor,500.0,6.0,0.0286940788306809,1.0,0.45,10.0,0.01,2.0,0.8386208791024566,1.2755410542357917,1610,0.8386208791024566,0.5899549126625061,0.8674503564834595,-0.0231831986457109,,,,,,,,,,,,,,
mordred,xgb,Val,all6_bad,10,XGBRegressor,500.0,6.0,0.0286940788306809,1.0,0.45,10.0,0.01,2.0,0.8386208791024566,1.2755410542357917,74,2.340608347692193,2.205232858657837,0.4700921773910522,-0.2415724247694015,,,,,,,,,,,,,,
mordred,xgb,Val,not_all6_bad,10,XGBRegressor,500.0,6.0,0.0286940788306809,1.0,0.45,10.0,0.01,2.0,0.8386208791024566,1.2755410542357917,1536,0.6879182540309929,0.5121355056762695,0.906468391418457,-0.0126618398353457,,,,,,,,,,,,,,
mordred,xgb,External,all,10,XGBRegressor,500.0,6.0,0.0286940788306809,1.0,0.45,10.0,0.01,2.0,0.8386208791024566,1.2755410542357917,2251,1.2755410542357917,0.8758552074432373,0.5919301509857178,-0.0939651280641555,,,,,,,,,,,,,,
mordred,xgb,External,all6_bad,10,XGBRegressor,500.0,6.0,0.0286940788306809,1.0,0.45,10.0,0.01,2.0,0.8386208791024566,1.2755410542357917,256,2.963330914468139,2.7210822105407715,-0.1523370742797851,-0.7815945744514465,,,,,,,,,,,,,,
mordred,xgb,External,not_all6_bad,10,XGBRegressor,500.0,6.0,0.0286940788306809,1.0,0.45,10.0,0.01,2.0,0.8386208791024566,1.2755410542357917,1995,0.8419953928660572,0.6390742659568787,0.7974686026573181,-0.0057279886677861,,,,,,,,,,,,,,
mordred,rf,Train,all,6,ExtraTreesRegressor,,,,,,,,,0.8997460724631147,1.2891881204981903,6437,0.4712927810733144,0.3276158218869908,0.958315691047758,-1.6392045403196347e-16,"{'bootstrap': False, 'ccp_alpha': 0.0, 'criterion': 'squared_error', 'max_depth': 14, 'max_features': 0.7, 'max_leaf_nodes': None, 'max_samples': None, 'min_impurity_decrease': 0.0, 'min_samples_leaf': 4, 'min_samples_split': 2, 'min_weight_fraction_leaf': 0.0, 'monotonic_cst': None, 'n_estimators': 400, 'n_jobs': -1, 'oob_score': False, 'random_state': 260746, 'verbose': 0, 'warm_start': False}",,,,,,,,,,,,,
mordred,rf,Train,not_all6_bad,6,ExtraTreesRegressor,,,,,,,,,0.8997460724631147,1.2891881204981903,6437,0.4712927810733144,0.3276158218869908,0.958315691047758,-1.6392045403196347e-16,"{'bootstrap': False, 'ccp_alpha': 0.0, 'criterion': 'squared_error', 'max_depth': 14, 'max_features': 0.7, 'max_leaf_nodes': None, 'max_samples': None, 'min_impurity_decrease': 0.0, 'min_samples_leaf': 4, 'min_samples_split': 2, 'min_weight_fraction_leaf': 0.0, 'monotonic_cst': None, 'n_estimators': 400, 'n_jobs': -1, 'oob_score': False, 'random_state': 260746, 'verbose': 0, 'warm_start': False}",,,,,,,,,,,,,
mordred,rf,Val,all,6,ExtraTreesRegressor,,,,,,,,,0.8997460724631147,1.2891881204981903,1610,0.8997460724631147,0.6391451663881399,0.8474237114984123,-0.0258857955219722,"{'bootstrap': False, 'ccp_alpha': 0.0, 'criterion': 'squared_error', 'max_depth': 14, 'max_features': 0.7, 'max_leaf_nodes': None, 'max_samples': None, 'min_impurity_decrease': 0.0, 'min_samples_leaf': 4, 'min_samples_split': 2, 'min_weight_fraction_leaf': 0.0, 'monotonic_cst': None, 'n_estimators': 400, 'n_jobs': -1, 'oob_score': False, 'random_state': 260746, 'verbose': 0, 'warm_start': False}",,,,,,,,,,,,,
mordred,rf,Val,all6_bad,6,ExtraTreesRegressor,,,,,,,,,0.8997460724631147,1.2891881204981903,74,2.373556991948288,2.230283747168873,0.4550682049519363,-0.2374037877235744,"{'bootstrap': False, 'ccp_alpha': 0.0, 'criterion': 'squared_error', 'max_depth': 14, 'max_features': 0.7, 'max_leaf_nodes': None, 'max_samples': None, 'min_impurity_decrease': 0.0, 'min_samples_leaf': 4, 'min_samples_split': 2, 'min_weight_fraction_leaf': 0.0, 'monotonic_cst': None, 'n_estimators': 400, 'n_jobs': -1, 'oob_score': False, 'random_state': 260746, 'verbose': 0, 'warm_start': False}",,,,,,,,,,,,,
mordred,rf,Val,not_all6_bad,6,ExtraTreesRegressor,,,,,,,,,0.8997460724631147,1.2891881204981903,1536,0.7596878792384045,0.5624887503869848,0.8859342722141809,-0.0156954755851762,"{'bootstrap': False, 'ccp_alpha': 0.0, 'criterion': 'squared_error', 'max_depth': 14, 'max_features': 0.7, 'max_leaf_nodes': None, 'max_samples': None, 'min_impurity_decrease': 0.0, 'min_samples_leaf': 4, 'min_samples_split': 2, 'min_weight_fraction_leaf': 0.0, 'monotonic_cst': None, 'n_estimators': 400, 'n_jobs': -1, 'oob_score': False, 'random_state': 260746, 'verbose': 0, 'warm_start': False}",,,,,,,,,,,,,
mordred,rf,External,all,6,ExtraTreesRegressor,,,,,,,,,0.8997460724631147,1.2891881204981903,2251,1.2891881204981903,0.892319935913139,0.5831515086786687,-0.0876398124243632,"{'bootstrap': False, 'ccp_alpha': 0.0, 'criterion': 'squared_error', 'max_depth': 14, 'max_features': 0.7, 'max_leaf_nodes': None, 'max_samples': None, 'min_impurity_decrease': 0.0, 'min_samples_leaf': 4, 'min_samples_split': 2, 'min_weight_fraction_leaf': 0.0, 'monotonic_cst': None, 'n_estimators': 400, 'n_jobs': -1, 'oob_score': False, 'random_state': 260746, 'verbose': 0, 'warm_start': False}",,,,,,,,,,,,,
mordred,rf,External,all6_bad,6,ExtraTreesRegressor,,,,,,,,,0.8997460724631147,1.2891881204981903,256,2.9820949094646245,2.750181726648272,-0.166976620354315,-0.8035800584098258,"{'bootstrap': False, 'ccp_alpha': 0.0, 'criterion': 'squared_error', 'max_depth': 14, 'max_features': 0.7, 'max_leaf_nodes': None, 'max_samples': None, 'min_impurity_decrease': 0.0, 'min_samples_leaf': 4, 'min_samples_split': 2, 'min_weight_fraction_leaf': 0.0, 'monotonic_cst': None, 'n_estimators': 400, 'n_jobs': -1, 'oob_score': False, 'random_state': 260746, 'verbose': 0, 'warm_start': False}",,,,,,,,,,,,,
mordred,rf,External,not_all6_bad,6,ExtraTreesRegressor,,,,,,,,,0.8997460724631147,1.2891881204981903,1995,0.8568157158579758,0.6539176209115377,0.7902761503856017,0.0042302141281572,"{'bootstrap': False, 'ccp_alpha': 0.0, 'criterion': 'squared_error', 'max_depth': 14, 'max_features': 0.7, 'max_leaf_nodes': None, 'max_samples': None, 'min_impurity_decrease': 0.0, 'min_samples_leaf': 4, 'min_samples_split': 2, 'min_weight_fraction_leaf': 0.0, 'monotonic_cst': None, 'n_estimators': 400, 'n_jobs': -1, 'oob_score': False, 'random_state': 260746, 'verbose': 0, 'warm_start': False}",,,,,,,,,,,,,
mordred,mlp,Train,all,1,TorchMLP,,,,,,,,,0.868847160943769,5.229337266466943,6437,0.4712152346579763,0.3407899439334869,0.958329439163208,0.0050061354413628,,256.0,3.0,0.05,0.0003700227105966,0.0002342359612564,256.0,220.0,49.0,cuda:0,,,,
mordred,mlp,Train,not_all6_bad,1,TorchMLP,,,,,,,,,0.868847160943769,5.229337266466943,6437,0.4712152346579763,0.3407899439334869,0.958329439163208,0.0050061354413628,,256.0,3.0,0.05,0.0003700227105966,0.0002342359612564,256.0,220.0,49.0,cuda:0,,,,
mordred,mlp,Val,all,1,TorchMLP,,,,,,,,,0.868847160943769,5.229337266466943,1610,0.868847160943769,0.6015864014625549,0.8577232360839844,-0.0180576629936695,,256.0,3.0,0.05,0.0003700227105966,0.0002342359612564,256.0,220.0,49.0,cuda:0,,,,
mordred,mlp,Val,all6_bad,1,TorchMLP,,,,,,,,,0.868847160943769,5.229337266466943,74,2.2175135861295616,2.031594753265381,0.5243632197380066,-0.3415837287902832,,256.0,3.0,0.05,0.0003700227105966,0.0002342359612564,256.0,220.0,49.0,cuda:0,,,,
mordred,mlp,Val,not_all6_bad,1,TorchMLP,,,,,,,,,0.868847160943769,5.229337266466943,1536,0.7445533789181137,0.5326927304267883,0.8904338479042053,-0.0024711217265576,,256.0,3.0,0.05,0.0003700227105966,0.0002342359612564,256.0,220.0,49.0,cuda:0,,,,
mordred,mlp,External,all,1,TorchMLP,,,,,,,,,0.868847160943769,5.229337266466943,2251,5.229337266466943,1.2476882934570312,-5.858654499053955,-0.4066727459430694,,256.0,3.0,0.05,0.0003700227105966,0.0002342359612564,256.0,220.0,49.0,cuda:0,,,,
mordred,mlp,External,all6_bad,1,TorchMLP,,,,,,,,,0.868847160943769,5.229337266466943,256,3.44429897356654,2.8034002780914307,-0.5567572116851807,-0.8692038059234619,,256.0,3.0,0.05,0.0003700227105966,0.0002342359612564,256.0,220.0,49.0,cuda:0,,,,
mordred,mlp,External,not_all6_bad,1,TorchMLP,,,,,,,,,0.868847160943769,5.229337266466943,1995,5.415969666851078,1.048058271408081,-7.379641532897949,-0.347320407629013,,256.0,3.0,0.05,0.0003700227105966,0.0002342359612564,256.0,220.0,49.0,cuda:0,,,,
mordred,ridge,Train,all,11,elastic_alpha_0.01_l1_0.5,,,,,,,,,1.0789797062490063,2.373338318812388,6437,1.03759765625,0.7660379409790039,0.7979545593261719,2.3704813667535522e-09,"{'alpha': 0.01, 'copy_X': True, 'fit_intercept': True, 'l1_ratio': 0.5, 'max_iter': 5000, 'positive': False, 'precompute': False, 'random_state': 260814, 'selection': 'cyclic', 'tol': 0.0001, 'warm_start': False}",,,,,,,,,,,,,
mordred,ridge,Train,not_all6_bad,11,elastic_alpha_0.01_l1_0.5,,,,,,,,,1.0789797062490063,2.373338318812388,6437,1.03759765625,0.7660379409790039,0.7979545593261719,2.3704813667535522e-09,"{'alpha': 0.01, 'copy_X': True, 'fit_intercept': True, 'l1_ratio': 0.5, 'max_iter': 5000, 'positive': False, 'precompute': False, 'random_state': 260814, 'selection': 'cyclic', 'tol': 0.0001, 'warm_start': False}",,,,,,,,,,,,,
mordred,ridge,Val,all,11,elastic_alpha_0.01_l1_0.5,,,,,,,,,1.0789797062490063,2.373338318812388,1610,1.0789797062490063,0.7948787808418274,0.7805812954902649,-0.0470622926950454,"{'alpha': 0.01, 'copy_X': True, 'fit_intercept': True, 'l1_ratio': 0.5, 'max_iter': 5000, 'positive': False, 'precompute': False, 'random_state': 260814, 'selection': 'cyclic', 'tol': 0.0001, 'warm_start': False}",,,,,,,,,,,,,
mordred,ridge,Val,all6_bad,11,elastic_alpha_0.01_l1_0.5,,,,,,,,,1.0789797062490063,2.373338318812388,74,2.5451075500066938,2.282320976257324,0.3734508752822876,-0.2486833333969116,"{'alpha': 0.01, 'copy_X': True, 'fit_intercept': True, 'l1_ratio': 0.5, 'max_iter': 5000, 'positive': False, 'precompute': False, 'random_state': 260814, 'selection': 'cyclic', 'tol': 0.0001, 'warm_start': False}",,,,,,,,,,,,,
mordred,ridge,Val,not_all6_bad,11,elastic_alpha_0.01_l1_0.5,,,,,,,,,1.0789797062490063,2.373338318812388,1536,0.9530027655094044,0.7232182025909424,0.8204964399337769,-0.0373487807810306,"{'alpha': 0.01, 'copy_X': True, 'fit_intercept': True, 'l1_ratio': 0.5, 'max_iter': 5000, 'positive': False, 'precompute': False, 'random_state': 260814, 'selection': 'cyclic', 'tol': 0.0001, 'warm_start': False}",,,,,,,,,,,,,
mordred,ridge,External,all,11,elastic_alpha_0.01_l1_0.5,,,,,,,,,1.0789797062490063,2.373338318812388,2251,2.373338318812388,1.1697734594345093,-0.4127486944198608,-0.140553280711174,"{'alpha': 0.01, 'copy_X': True, 'fit_intercept': True, 'l1_ratio': 0.5, 'max_iter': 5000, 'positive': False, 'precompute': False, 'random_state': 260814, 'selection': 'cyclic', 'tol': 0.0001, 'warm_start': False}",,,,,,,,,,,,,
mordred,ridge,External,all6_bad,11,elastic_alpha_0.01_l1_0.5,,,,,,,,,1.0789797062490063,2.373338318812388,256,3.1445571803569843,2.842386245727539,-0.2975921630859375,-0.6907905340194702,"{'alpha': 0.01, 'copy_X': True, 'fit_intercept': True, 'l1_ratio': 0.5, 'max_iter': 5000, 'positive': False, 'precompute': False, 'random_state': 260814, 'selection': 'cyclic', 'tol': 0.0001, 'warm_start': False}",,,,,,,,,,,,,
mordred,ridge,External,not_all6_bad,11,elastic_alpha_0.01_l1_0.5,,,,,,,,,1.0789797062490063,2.373338318812388,1995,2.255363746791319,0.9551424980163574,-0.45313560962677,-0.0699463933706283,"{'alpha': 0.01, 'copy_X': True, 'fit_intercept': True, 'l1_ratio': 0.5, 'max_iter': 5000, 'positive': False, 'precompute': False, 'random_state': 260814, 'selection': 'cyclic', 'tol': 0.0001, 'warm_start': False}",,,,,,,,,,,,,
mordred,knn_svm,Train,all,5,KNeighborsRegressor,,,,,,,,,1.0672719005208662,1.3186143204912608,6437,0.0020130108918451,3.838349806215149e-05,0.9999992395279088,-1.28846749239722e-07,,,,,,,,,,,sklearn_knn,10.0,distance,cosine
mordred,knn_svm,Train,not_all6_bad,5,KNeighborsRegressor,,,,,,,,,1.0672719005208662,1.3186143204912608,6437,0.0020130108918451,3.838349806215149e-05,0.9999992395279088,-1.28846749239722e-07,,,,,,,,,,,sklearn_knn,10.0,distance,cosine
mordred,knn_svm,Val,all,5,KNeighborsRegressor,,,,,,,,,1.0672719005208662,1.3186143204912608,1610,1.0672719005208662,0.7598123645881387,0.785317186729688,0.0104721449549824,,,,,,,,,,,sklearn_knn,10.0,distance,cosine
mordred,knn_svm,Val,all6_bad,5,KNeighborsRegressor,,,,,,,,,1.0672719005208662,1.3186143204912608,74,2.5345655075208997,2.318871460276077,0.3786306019347888,-0.3791703606225751,,,,,,,,,,,sklearn_knn,10.0,distance,cosine
mordred,knn_svm,Val,not_all6_bad,5,KNeighborsRegressor,,,,,,,,,1.0672719005208662,1.3186143204912608,1536,0.9404550432839164,0.6847014446135896,0.8251921784713848,0.0292439844164012,,,,,,,,,,,sklearn_knn,10.0,distance,cosine
mordred,knn_svm,External,all,5,KNeighborsRegressor,,,,,,,,,1.0672719005208662,1.3186143204912608,2251,1.3186143204912608,0.898259479617671,0.5639048868131638,-0.0683472305325264,,,,,,,,,,,sklearn_knn,10.0,distance,cosine
mordred,knn_svm,External,all6_bad,5,KNeighborsRegressor,,,,,,,,,1.0672719005208662,1.3186143204912608,256,2.9271799002385253,2.607113455052968,-0.1243928137625145,-0.8094826242395357,,,,,,,,,,,sklearn_knn,10.0,distance,cosine
mordred,knn_svm,External,not_all6_bad,5,KNeighborsRegressor,,,,,,,,,1.0672719005208662,1.3186143204912608,1995,0.9286328897378846,0.6789779669803597,0.7536451619462416,0.0267558575822577,,,,,,,,,,,sklearn_knn,10.0,distance,cosine
ecfp,xgb,Train,all,1,XGBRegressor,1100.0,6.0,0.0986746171508644,0.7,1.0,1.0,0.0,5.0,1.181216632028607,1.5125221660660668,6437,0.5652202949800191,0.3916107714176178,0.9400448203086852,0.0010358348954468,,,,,,,,,,,,,,
ecfp,xgb,Train,not_all6_bad,1,XGBRegressor,1100.0,6.0,0.0986746171508644,0.7,1.0,1.0,0.0,5.0,1.181216632028607,1.5125221660660668,6437,0.5652202949800191,0.3916107714176178,0.9400448203086852,0.0010358348954468,,,,,,,,,,,,,,
ecfp,xgb,Val,all,1,XGBRegressor,1100.0,6.0,0.0986746171508644,0.7,1.0,1.0,0.0,5.0,1.181216632028607,1.5125221660660668,1610,1.181216632028607,0.8583025932312012,0.7370299696922302,-0.0325358882546424,,,,,,,,,,,,,,
ecfp,xgb,Val,all6_bad,1,XGBRegressor,1100.0,6.0,0.0986746171508644,0.7,1.0,1.0,0.0,5.0,1.181216632028607,1.5125221660660668,74,2.9205711025731844,2.721707582473755,0.1749535202980041,0.0280832722783088,,,,,,,,,,,,,,
ecfp,xgb,Val,not_all6_bad,1,XGBRegressor,1100.0,6.0,0.0986746171508644,0.7,1.0,1.0,0.0,5.0,1.181216632028607,1.5125221660660668,1536,1.025453692721935,0.7685292363166809,0.7921658754348755,-0.0354563444852829,,,,,,,,,,,,,,
ecfp,xgb,External,all,1,XGBRegressor,1100.0,6.0,0.0986746171508644,0.7,1.0,1.0,0.0,5.0,1.181216632028607,1.5125221660660668,2251,1.5125221660660668,1.107545256614685,0.42621511220932,-0.2234273701906204,,,,,,,,,,,,,,
ecfp,xgb,External,all6_bad,1,XGBRegressor,1100.0,6.0,0.0986746171508644,0.7,1.0,1.0,0.0,5.0,1.181216632028607,1.5125221660660668,256,3.227310500369603,2.9941272735595703,-0.3667865991592407,-0.7584776878356934,,,,,,,,,,,,,,
ecfp,xgb,External,not_all6_bad,1,XGBRegressor,1100.0,6.0,0.0986746171508644,0.7,1.0,1.0,0.0,5.0,1.181216632028607,1.5125221660660668,1995,1.115686435236729,0.8654577136039734,0.6444036960601807,-0.1547692567110061,,,,,,,,,,,,,,
ecfp,rf,Train,all,6,ExtraTreesRegressor,,,,,,,,,1.3131968384434014,1.4837415162487342,6437,0.7791505279433737,0.5523970471211849,0.8860711353519869,9.713804683375611e-17,"{'bootstrap': False, 'ccp_alpha': 0.0, 'criterion': 'squared_error', 'max_depth': None, 'max_features': 0.7, 'max_leaf_nodes': None, 'max_samples': None, 'min_impurity_decrease': 0.0, 'min_samples_leaf': 4, 'min_samples_split': 2, 'min_weight_fraction_leaf': 0.0, 'monotonic_cst': None, 'n_estimators': 600, 'n_jobs': -1, 'oob_score': False, 'random_state': 261746, 'verbose': 0, 'warm_start': False}",,,,,,,,,,,,,
ecfp,rf,Train,not_all6_bad,6,ExtraTreesRegressor,,,,,,,,,1.3131968384434014,1.4837415162487342,6437,0.7791505279433737,0.5523970471211849,0.8860711353519869,9.713804683375611e-17,"{'bootstrap': False, 'ccp_alpha': 0.0, 'criterion': 'squared_error', 'max_depth': None, 'max_features': 0.7, 'max_leaf_nodes': None, 'max_samples': None, 'min_impurity_decrease': 0.0, 'min_samples_leaf': 4, 'min_samples_split': 2, 'min_weight_fraction_leaf': 0.0, 'monotonic_cst': None, 'n_estimators': 600, 'n_jobs': -1, 'oob_score': False, 'random_state': 261746, 'verbose': 0, 'warm_start': False}",,,,,,,,,,,,,
ecfp,rf,Val,all,6,ExtraTreesRegressor,,,,,,,,,1.3131968384434014,1.4837415162487342,1610,1.3131968384434014,0.9667086076896418,0.6749824710763486,0.0043409098665514,"{'bootstrap': False, 'ccp_alpha': 0.0, 'criterion': 'squared_error', 'max_depth': None, 'max_features': 0.7, 'max_leaf_nodes': None, 'max_samples': None, 'min_impurity_decrease': 0.0, 'min_samples_leaf': 4, 'min_samples_split': 2, 'min_weight_fraction_leaf': 0.0, 'monotonic_cst': None, 'n_estimators': 600, 'n_jobs': -1, 'oob_score': False, 'random_state': 261746, 'verbose': 0, 'warm_start': False}",,,,,,,,,,,,,
ecfp,rf,Val,all6_bad,6,ExtraTreesRegressor,,,,,,,,,1.3131968384434014,1.4837415162487342,74,2.859520823428702,2.603372339890824,0.2090858469620251,0.0730126717003355,"{'bootstrap': False, 'ccp_alpha': 0.0, 'criterion': 'squared_error', 'max_depth': None, 'max_features': 0.7, 'max_leaf_nodes': None, 'max_samples': None, 'min_impurity_decrease': 0.0, 'min_samples_leaf': 4, 'min_samples_split': 2, 'min_weight_fraction_leaf': 0.0, 'monotonic_cst': None, 'n_estimators': 600, 'n_jobs': -1, 'oob_score': False, 'random_state': 261746, 'verbose': 0, 'warm_start': False}",,,,,,,,,,,,,
ecfp,rf,Val,not_all6_bad,6,ExtraTreesRegressor,,,,,,,,,1.3131968384434014,1.4837415162487342,1536,1.1889614818645835,0.8878589226747411,0.720603892281215,0.0010325046740383,"{'bootstrap': False, 'ccp_alpha': 0.0, 'criterion': 'squared_error', 'max_depth': None, 'max_features': 0.7, 'max_leaf_nodes': None, 'max_samples': None, 'min_impurity_decrease': 0.0, 'min_samples_leaf': 4, 'min_samples_split': 2, 'min_weight_fraction_leaf': 0.0, 'monotonic_cst': None, 'n_estimators': 600, 'n_jobs': -1, 'oob_score': False, 'random_state': 261746, 'verbose': 0, 'warm_start': False}",,,,,,,,,,,,,
ecfp,rf,External,all,6,ExtraTreesRegressor,,,,,,,,,1.3131968384434014,1.4837415162487342,2251,1.4837415162487342,1.0692729754827937,0.4478435603221702,-0.0511172800110936,"{'bootstrap': False, 'ccp_alpha': 0.0, 'criterion': 'squared_error', 'max_depth': None, 'max_features': 0.7, 'max_leaf_nodes': None, 'max_samples': None, 'min_impurity_decrease': 0.0, 'min_samples_leaf': 4, 'min_samples_split': 2, 'min_weight_fraction_leaf': 0.0, 'monotonic_cst': None, 'n_estimators': 600, 'n_jobs': -1, 'oob_score': False, 'random_state': 261746, 'verbose': 0, 'warm_start': False}",,,,,,,,,,,,,
ecfp,rf,External,all6_bad,6,ExtraTreesRegressor,,,,,,,,,1.3131968384434014,1.4837415162487342,256,3.118297102229855,2.896197674621736,-0.2760104021631171,-0.6306594887907608,"{'bootstrap': False, 'ccp_alpha': 0.0, 'criterion': 'squared_error', 'max_depth': None, 'max_features': 0.7, 'max_leaf_nodes': None, 'max_samples': None, 'min_impurity_decrease': 0.0, 'min_samples_leaf': 4, 'min_samples_split': 2, 'min_weight_fraction_leaf': 0.0, 'monotonic_cst': None, 'n_estimators': 600, 'n_jobs': -1, 'oob_score': False, 'random_state': 261746, 'verbose': 0, 'warm_start': False}",,,,,,,,,,,,,
ecfp,rf,External,not_all6_bad,6,ExtraTreesRegressor,,,,,,,,,1.3131968384434014,1.4837415162487342,1995,1.111855596224415,0.8348405328865184,0.646841433025162,0.0232500410152697,"{'bootstrap': False, 'ccp_alpha': 0.0, 'criterion': 'squared_error', 'max_depth': None, 'max_features': 0.7, 'max_leaf_nodes': None, 'max_samples': None, 'min_impurity_decrease': 0.0, 'min_samples_leaf': 4, 'min_samples_split': 2, 'min_weight_fraction_leaf': 0.0, 'monotonic_cst': None, 'n_estimators': 600, 'n_jobs': -1, 'oob_score': False, 'random_state': 261746, 'verbose': 0, 'warm_start': False}",,,,,,,,,,,,,
ecfp,mlp,Train,all,8,TorchMLP,,,,,,,,,1.1888360488345755,1.499769828938735,6437,0.3461300643572443,0.2234946638345718,0.9775161743164062,0.0297272130846977,,384.0,3.0,0.2,0.0005964282664695,0.0002269807647964,256.0,220.0,35.0,cuda:0,,,,
ecfp,mlp,Train,not_all6_bad,8,TorchMLP,,,,,,,,,1.1888360488345755,1.499769828938735,6437,0.3461300643572443,0.2234946638345718,0.9775161743164062,0.0297272130846977,,384.0,3.0,0.2,0.0005964282664695,0.0002269807647964,256.0,220.0,35.0,cuda:0,,,,
ecfp,mlp,Val,all,8,TorchMLP,,,,,,,,,1.1888360488345755,1.499769828938735,1610,1.1888360488345755,0.861820638179779,0.7336264848709106,0.1073271930217742,,384.0,3.0,0.2,0.0005964282664695,0.0002269807647964,256.0,220.0,35.0,cuda:0,,,,
ecfp,mlp,Val,all6_bad,8,TorchMLP,,,,,,,,,1.1888360488345755,1.499769828938735,74,2.707013459030192,2.445937395095825,0.291200041770935,0.0950493291020393,,384.0,3.0,0.2,0.0005964282664695,0.0002269807647964,256.0,220.0,35.0,cuda:0,,,,
ecfp,mlp,Val,not_all6_bad,8,TorchMLP,,,,,,,,,1.1888360488345755,1.499769828938735,1536,1.062253923530542,0.7855026125907898,0.7769812345504761,0.1079187169671058,,384.0,3.0,0.2,0.0005964282664695,0.0002269807647964,256.0,220.0,35.0,cuda:0,,,,
ecfp,mlp,External,all,8,TorchMLP,,,,,,,,,1.1888360488345755,1.499769828938735,2251,1.499769828938735,1.108608603477478,0.435849666595459,0.0051891608163714,,384.0,3.0,0.2,0.0005964282664695,0.0002269807647964,256.0,220.0,35.0,cuda:0,,,,
ecfp,mlp,External,all6_bad,8,TorchMLP,,,,,,,,,1.1888360488345755,1.499769828938735,256,3.031016547268334,2.8001837730407715,-0.205579400062561,-0.4778480529785156,,384.0,3.0,0.2,0.0005964282664695,0.0002269807647964,256.0,220.0,35.0,cuda:0,,,,
ecfp,mlp,External,not_all6_bad,8,TorchMLP,,,,,,,,,1.1888360488345755,1.499769828938735,1995,1.1657837296886324,0.8915444016456604,0.6117522716522217,0.0671728923916816,,384.0,3.0,0.2,0.0005964282664695,0.0002269807647964,256.0,220.0,35.0,cuda:0,,,,
ecfp,ridge,Train,all,5,ridge_alpha_30.0,,,,,,,,,1.329169995454229,1.6388284928926582,6437,1.1675009923109785,0.8760672807693481,0.7441970705986023,2.328998078837685e-07,"{'alpha': 30.0, 'copy_X': True, 'fit_intercept': True, 'max_iter': None, 'positive': False, 'random_state': None, 'solver': 'auto', 'tol': 0.0001}",,,,,,,,,,,,,
ecfp,ridge,Train,not_all6_bad,5,ridge_alpha_30.0,,,,,,,,,1.329169995454229,1.6388284928926582,6437,1.1675009923109785,0.8760672807693481,0.7441970705986023,2.328998078837685e-07,"{'alpha': 30.0, 'copy_X': True, 'fit_intercept': True, 'max_iter': None, 'positive': False, 'random_state': None, 'solver': 'auto', 'tol': 0.0001}",,,,,,,,,,,,,
ecfp,ridge,Val,all,5,ridge_alpha_30.0,,,,,,,,,1.329169995454229,1.6388284928926582,1610,1.329169995454229,1.0020290613174438,0.6670275926589966,0.0003307863662485,"{'alpha': 30.0, 'copy_X': True, 'fit_intercept': True, 'max_iter': None, 'positive': False, 'random_state': None, 'solver': 'auto', 'tol': 0.0001}",,,,,,,,,,,,,
ecfp,ridge,Val,all6_bad,5,ridge_alpha_30.0,,,,,,,,,1.329169995454229,1.6388284928926582,74,2.9113930755744626,2.621396064758301,0.1801308989524841,0.241112396121025,"{'alpha': 30.0, 'copy_X': True, 'fit_intercept': True, 'max_iter': None, 'positive': False, 'random_state': None, 'solver': 'auto', 'tol': 0.0001}",,,,,,,,,,,,,
ecfp,ridge,Val,not_all6_bad,5,ridge_alpha_30.0,,,,,,,,,1.329169995454229,1.6388284928926582,1536,1.2014358354533237,0.9240126609802246,0.7147103548049927,-0.0112693710252642,"{'alpha': 30.0, 'copy_X': True, 'fit_intercept': True, 'max_iter': None, 'positive': False, 'random_state': None, 'solver': 'auto', 'tol': 0.0001}",,,,,,,,,,,,,
ecfp,ridge,External,all,5,ridge_alpha_30.0,,,,,,,,,1.329169995454229,1.6388284928926582,2251,1.6388284928926582,1.2349547147750854,0.3263836503028869,-0.190591499209404,"{'alpha': 30.0, 'copy_X': True, 'fit_intercept': True, 'max_iter': None, 'positive': False, 'random_state': None, 'solver': 'auto', 'tol': 0.0001}",,,,,,,,,,,,,
ecfp,ridge,External,all6_bad,5,ridge_alpha_30.0,,,,,,,,,1.329169995454229,1.6388284928926582,256,3.289474062869401,3.000978946685791,-0.4199470281600952,-0.7001021504402161,"{'alpha': 30.0, 'copy_X': True, 'fit_intercept': True, 'max_iter': None, 'positive': False, 'random_state': None, 'solver': 'auto', 'tol': 0.0001}",,,,,,,,,,,,,
ecfp,ridge,External,not_all6_bad,5,ridge_alpha_30.0,,,,,,,,,1.329169995454229,1.6388284928926582,1995,1.2813602958284314,1.0083370208740234,0.5309538841247559,-0.1252106577157974,"{'alpha': 30.0, 'copy_X': True, 'fit_intercept': True, 'max_iter': None, 'positive': False, 'random_state': None, 'solver': 'auto', 'tol': 0.0001}",,,,,,,,,,,,,
ecfp,knn_svm,Train,all,3,TanimotoKNN,,,,,,,,,1.33920851348714,1.441572060907869,6437,0.8863648031689448,0.6502396464347839,0.8525597453117371,0.00997946690768,,,,,,,,,,,tanimoto_knn,5.0,distance,
ecfp,knn_svm,Train,not_all6_bad,3,TanimotoKNN,,,,,,,,,1.33920851348714,1.441572060907869,6437,0.8863648031689448,0.6502396464347839,0.8525597453117371,0.00997946690768,,,,,,,,,,,tanimoto_knn,5.0,distance,
ecfp,knn_svm,Val,all,3,TanimotoKNN,,,,,,,,,1.33920851348714,1.441572060907869,1610,1.33920851348714,0.979520857334137,0.661979079246521,0.0228255838155746,,,,,,,,,,,tanimoto_knn,5.0,distance,
ecfp,knn_svm,Val,all6_bad,3,TanimotoKNN,,,,,,,,,1.33920851348714,1.441572060907869,74,2.977774946328457,2.5774810314178467,0.1423174142837524,-0.0544170811772346,,,,,,,,,,,tanimoto_knn,5.0,distance,
ecfp,knn_svm,Val,not_all6_bad,3,TanimotoKNN,,,,,,,,,1.33920851348714,1.441572060907869,1536,1.2052762998486055,0.9025357365608216,0.7128835916519165,0.0265469159930944,,,,,,,,,,,tanimoto_knn,5.0,distance,
ecfp,knn_svm,External,all,3,TanimotoKNN,,,,,,,,,1.33920851348714,1.441572060907869,2251,1.441572060907869,1.0476109981536863,0.4787833094596863,-0.0307189207524061,,,,,,,,,,,tanimoto_knn,5.0,distance,
ecfp,knn_svm,External,all6_bad,3,TanimotoKNN,,,,,,,,,1.33920851348714,1.441572060907869,256,2.9919044619723927,2.6958324909210205,-0.1746667623519897,-0.5959389209747314,,,,,,,,,,,tanimoto_knn,5.0,distance,
ecfp,knn_svm,External,not_all6_bad,3,TanimotoKNN,,,,,,,,,1.33920851348714,1.441572060907869,1995,1.093679425823688,0.8361098170280457,0.658293604850769,0.0418105572462081,,,,,,,,,,,tanimoto_knn,5.0,distance,
chemberta,xgb,Train,all,6,XGBRegressor,300.0,5.0,0.0580108395999619,0.7,0.45,10.0,0.01,1.0,0.8695059362190216,1.323061096637563,6437,0.2023032972778235,0.1542364358901977,0.9923193454742432,-0.000212032784475,,,,,,,,,,,,,,
chemberta,xgb,Train,not_all6_bad,6,XGBRegressor,300.0,5.0,0.0580108395999619,0.7,0.45,10.0,0.01,1.0,0.8695059362190216,1.323061096637563,6437,0.2023032972778235,0.1542364358901977,0.9923193454742432,-0.000212032784475,,,,,,,,,,,,,,
chemberta,xgb,Val,all,6,XGBRegressor,300.0,5.0,0.0580108395999619,0.7,0.45,10.0,0.01,1.0,0.8695059362190216,1.323061096637563,1610,0.8695059362190216,0.608794629573822,0.8575074076652527,-0.000686555460561,,,,,,,,,,,,,,
chemberta,xgb,Val,all6_bad,6,XGBRegressor,300.0,5.0,0.0580108395999619,0.7,0.45,10.0,0.01,1.0,0.8695059362190216,1.323061096637563,74,2.446352801377715,2.2544453144073486,0.4211300611495971,-0.4053069055080414,,,,,,,,,,,,,,
chemberta,xgb,Val,not_all6_bad,6,XGBRegressor,300.0,5.0,0.0580108395999619,0.7,0.45,10.0,0.01,1.0,0.8695059362190216,1.323061096637563,1536,0.7100294833038957,0.5295119881629944,0.9003590941429138,0.0188068710267543,,,,,,,,,,,,,,
chemberta,xgb,External,all,6,XGBRegressor,300.0,5.0,0.0580108395999619,0.7,0.45,10.0,0.01,1.0,0.8695059362190216,1.323061096637563,2251,1.323061096637563,0.9074522852897644,0.5609586238861084,-0.0538475736975669,,,,,,,,,,,,,,
chemberta,xgb,External,all6_bad,6,XGBRegressor,300.0,5.0,0.0580108395999619,0.7,0.45,10.0,0.01,1.0,0.8695059362190216,1.323061096637563,256,3.0451501903858267,2.768249750137329,-0.2168488502502441,-0.6793333292007446,,,,,,,,,,,,,,
chemberta,xgb,External,not_all6_bad,6,XGBRegressor,300.0,5.0,0.0580108395999619,0.7,0.45,10.0,0.01,1.0,0.8695059362190216,1.323061096637563,1995,0.88611740357873,0.6686732769012451,0.7756864428520203,0.0264152623713016,,,,,,,,,,,,,,
chemberta,rf,Train,all,5,RandomForestRegressor,,,,,,,,,0.8765833353475703,1.2976623301588175,6437,0.164684096226445,0.1207348591113652,0.9949102745946056,-0.0033644669356942,"{'bootstrap': True, 'ccp_alpha': 0.0, 'criterion': 'squared_error', 'max_depth': None, 'max_features': 'sqrt', 'max_leaf_nodes': None, 'max_samples': None, 'min_impurity_decrease': 0.0, 'min_samples_leaf': 1, 'min_samples_split': 2, 'min_weight_fraction_leaf': 0.0, 'monotonic_cst': None, 'n_estimators': 600, 'n_jobs': -1, 'oob_score': False, 'random_state': 262745, 'verbose': 0, 'warm_start': False}",,,,,,,,,,,,,
chemberta,rf,Train,not_all6_bad,5,RandomForestRegressor,,,,,,,,,0.8765833353475703,1.2976623301588175,6437,0.164684096226445,0.1207348591113652,0.9949102745946056,-0.0033644669356942,"{'bootstrap': True, 'ccp_alpha': 0.0, 'criterion': 'squared_error', 'max_depth': None, 'max_features': 'sqrt', 'max_leaf_nodes': None, 'max_samples': None, 'min_impurity_decrease': 0.0, 'min_samples_leaf': 1, 'min_samples_split': 2, 'min_weight_fraction_leaf': 0.0, 'monotonic_cst': None, 'n_estimators': 600, 'n_jobs': -1, 'oob_score': False, 'random_state': 262745, 'verbose': 0, 'warm_start': False}",,,,,,,,,,,,,
chemberta,rf,Val,all,5,RandomForestRegressor,,,,,,,,,0.8765833353475703,1.2976623301588175,1610,0.8765833353475703,0.6172620645553735,0.8551783313228677,-0.0099398107147076,"{'bootstrap': True, 'ccp_alpha': 0.0, 'criterion': 'squared_error', 'max_depth': None, 'max_features': 'sqrt', 'max_leaf_nodes': None, 'max_samples': None, 'min_impurity_decrease': 0.0, 'min_samples_leaf': 1, 'min_samples_split': 2, 'min_weight_fraction_leaf': 0.0, 'monotonic_cst': None, 'n_estimators': 600, 'n_jobs': -1, 'oob_score': False, 'random_state': 262745, 'verbose': 0, 'warm_start': False}",,,,,,,,,,,,,
chemberta,rf,Val,all6_bad,5,RandomForestRegressor,,,,,,,,,0.8765833353475703,1.2976623301588175,74,2.486529277654844,2.3200912492227923,0.4019603556604193,-0.3365799428597104,"{'bootstrap': True, 'ccp_alpha': 0.0, 'criterion': 'squared_error', 'max_depth': None, 'max_features': 'sqrt', 'max_leaf_nodes': None, 'max_samples': None, 'min_impurity_decrease': 0.0, 'min_samples_leaf': 1, 'min_samples_split': 2, 'min_weight_fraction_leaf': 0.0, 'monotonic_cst': None, 'n_estimators': 600, 'n_jobs': -1, 'oob_score': False, 'random_state': 262745, 'verbose': 0, 'warm_start': False}",,,,,,,,,,,,,
chemberta,rf,Val,not_all6_bad,5,RandomForestRegressor,,,,,,,,,0.8765833353475703,1.2976623301588175,1536,0.7124232747128822,0.5352247210232192,0.8996861312784468,0.0057967581516531,"{'bootstrap': True, 'ccp_alpha': 0.0, 'criterion': 'squared_error', 'max_depth': None, 'max_features': 'sqrt', 'max_leaf_nodes': None, 'max_samples': None, 'min_impurity_decrease': 0.0, 'min_samples_leaf': 1, 'min_samples_split': 2, 'min_weight_fraction_leaf': 0.0, 'monotonic_cst': None, 'n_estimators': 600, 'n_jobs': -1, 'oob_score': False, 'random_state': 262745, 'verbose': 0, 'warm_start': False}",,,,,,,,,,,,,
chemberta,rf,External,all,5,RandomForestRegressor,,,,,,,,,0.8765833353475703,1.2976623301588175,2251,1.2976623301588175,0.8928462642205326,0.5776533639069129,-0.0945158160782426,"{'bootstrap': True, 'ccp_alpha': 0.0, 'criterion': 'squared_error', 'max_depth': None, 'max_features': 'sqrt', 'max_leaf_nodes': None, 'max_samples': None, 'min_impurity_decrease': 0.0, 'min_samples_leaf': 1, 'min_samples_split': 2, 'min_weight_fraction_leaf': 0.0, 'monotonic_cst': None, 'n_estimators': 600, 'n_jobs': -1, 'oob_score': False, 'random_state': 262745, 'verbose': 0, 'warm_start': False}",,,,,,,,,,,,,
chemberta,rf,External,all6_bad,5,RandomForestRegressor,,,,,,,,,0.8765833353475703,1.2976623301588175,256,3.0108562423866867,2.7511691736703465,-0.1895953900996738,-0.7039408394000497,"{'bootstrap': True, 'ccp_alpha': 0.0, 'criterion': 'squared_error', 'max_depth': None, 'max_features': 'sqrt', 'max_leaf_nodes': None, 'max_samples': None, 'min_impurity_decrease': 0.0, 'min_samples_leaf': 1, 'min_samples_split': 2, 'min_weight_fraction_leaf': 0.0, 'monotonic_cst': None, 'n_estimators': 600, 'n_jobs': -1, 'oob_score': False, 'random_state': 262745, 'verbose': 0, 'warm_start': False}",,,,,,,,,,,,,
chemberta,rf,External,not_all6_bad,5,RandomForestRegressor,,,,,,,,,0.8765833353475703,1.2976623301588175,1995,0.8583412033337643,0.6543847780956441,0.7895286946489948,-0.0163139083236649,"{'bootstrap': True, 'ccp_alpha': 0.0, 'criterion': 'squared_error', 'max_depth': None, 'max_features': 'sqrt', 'max_leaf_nodes': None, 'max_samples': None, 'min_impurity_decrease': 0.0, 'min_samples_leaf': 1, 'min_samples_split': 2, 'min_weight_fraction_leaf': 0.0, 'monotonic_cst': None, 'n_estimators': 600, 'n_jobs': -1, 'oob_score': False, 'random_state': 262745, 'verbose': 0, 'warm_start': False}",,,,,,,,,,,,,
chemberta,mlp,Train,all,0,TorchMLP,,,,,,,,,0.8671031601591423,1.30146505808519,6437,0.3185922437990514,0.2354686409235,0.980951488018036,0.0238497164100408,,384.0,3.0,0.05,0.0003744801780804,5.1328584363993495e-05,256.0,220.0,26.0,cuda:0,,,,
chemberta,mlp,Train,not_all6_bad,0,TorchMLP,,,,,,,,,0.8671031601591423,1.30146505808519,6437,0.3185922437990514,0.2354686409235,0.980951488018036,0.0238497164100408,,384.0,3.0,0.05,0.0003744801780804,5.1328584363993495e-05,256.0,220.0,26.0,cuda:0,,,,
chemberta,mlp,Val,all,0,TorchMLP,,,,,,,,,0.8671031601591423,1.30146505808519,1610,0.8671031601591423,0.6063259243965149,0.8582938313484192,0.0277803596109151,,384.0,3.0,0.05,0.0003744801780804,5.1328584363993495e-05,256.0,220.0,26.0,cuda:0,,,,
chemberta,mlp,Val,all6_bad,0,TorchMLP,,,,,,,,,0.8671031601591423,1.30146505808519,74,2.4515069375388325,2.259711742401123,0.4186882376670837,-0.3081996738910675,,384.0,3.0,0.05,0.0003744801780804,5.1328584363993495e-05,256.0,220.0,26.0,cuda:0,,,,
chemberta,mlp,Val,not_all6_bad,0,TorchMLP,,,,,,,,,0.8671031601591423,1.30146505808519,1536,0.7060820599284898,0.5266706347465515,0.9014639258384703,0.0439669005572795,,384.0,3.0,0.05,0.0003744801780804,5.1328584363993495e-05,256.0,220.0,26.0,cuda:0,,,,
chemberta,mlp,External,all,0,TorchMLP,,,,,,,,,0.8671031601591423,1.30146505808519,2251,1.30146505808519,0.907009780406952,0.5751744508743286,-0.0190798714756965,,384.0,3.0,0.05,0.0003744801780804,5.1328584363993495e-05,256.0,220.0,26.0,cuda:0,,,,
chemberta,mlp,External,all6_bad,0,TorchMLP,,,,,,,,,0.8671031601591423,1.30146505808519,256,2.970114464657297,2.722769021987915,-0.1576188802719116,-0.6368110179901123,,384.0,3.0,0.05,0.0003744801780804,5.1328584363993495e-05,256.0,220.0,26.0,cuda:0,,,,
chemberta,mlp,External,not_all6_bad,0,TorchMLP,,,,,,,,,0.8671031601591423,1.30146505808519,1995,0.8827062559759854,0.6740100979804993,0.7774101495742798,0.0601878799498081,,384.0,3.0,0.05,0.0003744801780804,5.1328584363993495e-05,256.0,220.0,26.0,cuda:0,,,,
chemberta,ridge,Train,all,9,elastic_alpha_0.001_l1_0.5,,,,,,,,,0.8855657601582887,1.32875014907104,6437,0.3571955271609044,0.2667363584041595,0.97605562210083,1.2593182496800637e-08,"{'alpha': 0.001, 'copy_X': True, 'fit_intercept': True, 'l1_ratio': 0.5, 'max_iter': 5000, 'positive': False, 'precompute': False, 'random_state': 262814, 'selection': 'cyclic', 'tol': 0.0001, 'warm_start': False}",,,,,,,,,,,,,
chemberta,ridge,Train,not_all6_bad,9,elastic_alpha_0.001_l1_0.5,,,,,,,,,0.8855657601582887,1.32875014907104,6437,0.3571955271609044,0.2667363584041595,0.97605562210083,1.2593182496800637e-08,"{'alpha': 0.001, 'copy_X': True, 'fit_intercept': True, 'l1_ratio': 0.5, 'max_iter': 5000, 'positive': False, 'precompute': False, 'random_state': 262814, 'selection': 'cyclic', 'tol': 0.0001, 'warm_start': False}",,,,,,,,,,,,,
chemberta,ridge,Val,all,9,elastic_alpha_0.001_l1_0.5,,,,,,,,,0.8855657601582887,1.32875014907104,1610,0.8855657601582887,0.6187750697135925,0.852195143699646,-0.0018894574604928,"{'alpha': 0.001, 'copy_X': True, 'fit_intercept': True, 'l1_ratio': 0.5, 'max_iter': 5000, 'positive': False, 'precompute': False, 'random_state': 262814, 'selection': 'cyclic', 'tol': 0.0001, 'warm_start': False}",,,,,,,,,,,,,
chemberta,ridge,Val,all6_bad,9,elastic_alpha_0.001_l1_0.5,,,,,,,,,0.8855657601582887,1.32875014907104,74,2.499751269364896,2.297636747360229,0.3955833315849304,-0.4143332839012146,"{'alpha': 0.001, 'copy_X': True, 'fit_intercept': True, 'l1_ratio': 0.5, 'max_iter': 5000, 'positive': False, 'precompute': False, 'random_state': 262814, 'selection': 'cyclic', 'tol': 0.0001, 'warm_start': False}",,,,,,,,,,,,,
chemberta,ridge,Val,not_all6_bad,9,elastic_alpha_0.001_l1_0.5,,,,,,,,,0.8855657601582887,1.32875014907104,1536,0.7217766847582949,0.5378924012184143,0.8970348238945007,0.017980882897973,"{'alpha': 0.001, 'copy_X': True, 'fit_intercept': True, 'l1_ratio': 0.5, 'max_iter': 5000, 'positive': False, 'precompute': False, 'random_state': 262814, 'selection': 'cyclic', 'tol': 0.0001, 'warm_start': False}",,,,,,,,,,,,,
chemberta,ridge,External,all,9,elastic_alpha_0.001_l1_0.5,,,,,,,,,0.8855657601582887,1.32875014907104,2251,1.32875014907104,0.9219558835029602,0.5571748614311218,-0.0788254961371421,"{'alpha': 0.001, 'copy_X': True, 'fit_intercept': True, 'l1_ratio': 0.5, 'max_iter': 5000, 'positive': False, 'precompute': False, 'random_state': 262814, 'selection': 'cyclic', 'tol': 0.0001, 'warm_start': False}",,,,,,,,,,,,,
chemberta,ridge,External,all6_bad,9,elastic_alpha_0.001_l1_0.5,,,,,,,,,0.8855657601582887,1.32875014907104,256,3.0459004726568226,2.7684600353240967,-0.2174485921859741,-0.6685903072357178,"{'alpha': 0.001, 'copy_X': True, 'fit_intercept': True, 'l1_ratio': 0.5, 'max_iter': 5000, 'positive': False, 'precompute': False, 'random_state': 262814, 'selection': 'cyclic', 'tol': 0.0001, 'warm_start': False}",,,,,,,,,,,,,
chemberta,ridge,External,not_all6_bad,9,elastic_alpha_0.001_l1_0.5,,,,,,,,,0.8855657601582887,1.32875014907104,1995,0.8953434284719968,0.6850109696388245,0.7709911465644836,-0.0031463908962905,"{'alpha': 0.001, 'copy_X': True, 'fit_intercept': True, 'l1_ratio': 0.5, 'max_iter': 5000, 'positive': False, 'precompute': False, 'random_state': 262814, 'selection': 'cyclic', 'tol': 0.0001, 'warm_start': False}",,,,,,,,,,,,,
chemberta,knn_svm,Train,all,4,KNeighborsRegressor,,,,,,,,,0.9119622479071994,1.3604886161519425,6437,4.316185680075921e-07,2.937836117301204e-07,0.999999999999965,-2.7262715724344416e-08,,,,,,,,,,,sklearn_knn,10.0,distance,euclidean
chemberta,knn_svm,Train,not_all6_bad,4,KNeighborsRegressor,,,,,,,,,0.9119622479071994,1.3604886161519425,6437,4.316185680075921e-07,2.937836117301204e-07,0.999999999999965,-2.7262715724344416e-08,,,,,,,,,,,sklearn_knn,10.0,distance,euclidean
chemberta,knn_svm,Val,all,4,KNeighborsRegressor,,,,,,,,,0.9119622479071994,1.3604886161519425,1610,0.9119622479071994,0.6453325469099762,0.8432524187807443,-0.0415186335621317,,,,,,,,,,,sklearn_knn,10.0,distance,euclidean
chemberta,knn_svm,Val,all6_bad,4,KNeighborsRegressor,,,,,,,,,0.9119622479071994,1.3604886161519425,74,2.495292800073745,2.2911704846589998,0.3977374659885402,-0.3521574878161253,,,,,,,,,,,sklearn_knn,10.0,distance,euclidean
chemberta,knn_svm,Val,not_all6_bad,4,KNeighborsRegressor,,,,,,,,,0.9119622479071994,1.3604886161519425,1536,0.7561540066010601,0.5660408754298801,0.886993012839201,-0.0265529595941659,,,,,,,,,,,sklearn_knn,10.0,distance,euclidean
chemberta,knn_svm,External,all,4,KNeighborsRegressor,,,,,,,,,0.9119622479071994,1.3604886161519425,2251,1.3604886161519425,0.9225364422339772,0.535767577833961,-0.1222993864442851,,,,,,,,,,,sklearn_knn,10.0,distance,euclidean
chemberta,knn_svm,External,all6_bad,4,KNeighborsRegressor,,,,,,,,,0.9119622479071994,1.3604886161519425,256,3.129928576775817,2.823409820339333,-0.2855473787084741,-0.7102058453161799,,,,,,,,,,,sklearn_knn,10.0,distance,euclidean
chemberta,knn_svm,External,not_all6_bad,4,KNeighborsRegressor,,,,,,,,,0.9119622479071994,1.3604886161519425,1995,0.9117857814627014,0.6786148458455207,0.7625027396497169,-0.0468587581379167,,,,,,,,,,,sklearn_knn,10.0,distance,euclidean
atom_gnn,xgb,Train,all,4,XGBRegressor,1100.0,6.0,0.0164891348098042,0.85,0.65,3.0,0.0,0.5,0.8589035474940464,1.5117160688667275,6437,0.2905268821392078,0.2188028395175933,0.9841597080230712,0.0001906276011141,,,,,,,,,,,,,,
atom_gnn,xgb,Train,not_all6_bad,4,XGBRegressor,1100.0,6.0,0.0164891348098042,0.85,0.65,3.0,0.0,0.5,0.8589035474940464,1.5117160688667275,6437,0.2905268821392078,0.2188028395175933,0.9841597080230712,0.0001906276011141,,,,,,,,,,,,,,
atom_gnn,xgb,Val,all,4,XGBRegressor,1100.0,6.0,0.0164891348098042,0.85,0.65,3.0,0.0,0.5,0.8589035474940464,1.5117160688667275,1610,0.8589035474940464,0.5987615585327148,0.8609611988067627,-0.007937217131257,,,,,,,,,,,,,,
atom_gnn,xgb,Val,all6_bad,4,XGBRegressor,1100.0,6.0,0.0164891348098042,0.85,0.65,3.0,0.0,0.5,0.8589035474940464,1.5117160688667275,74,2.30337114403362,2.141530990600586,0.4868188500404358,-0.2243411093950271,,,,,,,,,,,,,,
atom_gnn,xgb,Val,not_all6_bad,4,XGBRegressor,1100.0,6.0,0.0164891348098042,0.85,0.65,3.0,0.0,0.5,0.8589035474940464,1.5117160688667275,1536,0.7194803093554625,0.5244354605674744,0.8976889252662659,0.0024884939193725,,,,,,,,,,,,,,
atom_gnn,xgb,External,all,4,XGBRegressor,1100.0,6.0,0.0164891348098042,0.85,0.65,3.0,0.0,0.5,0.8589035474940464,1.5117160688667275,2251,1.5117160688667275,1.035647749900818,0.426826536655426,-0.2945777773857116,,,,,,,,,,,,,,
atom_gnn,xgb,External,all6_bad,4,XGBRegressor,1100.0,6.0,0.0164891348098042,0.85,0.65,3.0,0.0,0.5,0.8589035474940464,1.5117160688667275,256,3.1931713737186165,2.916995048522949,-0.33802330493927,-0.8236696720123291,,,,,,,,,,,,,,
atom_gnn,xgb,External,not_all6_bad,4,XGBRegressor,1100.0,6.0,0.0164891348098042,0.85,0.65,3.0,0.0,0.5,0.8589035474940464,1.5117160688667275,1995,1.1270013068359976,0.7942317724227905,0.6371544599533081,-0.2266842722892761,,,,,,,,,,,,,,
atom_gnn,rf,Train,all,1,RandomForestRegressor,,,,,,,,,0.8516305100776557,1.5235006568819327,6437,0.2758133491422339,0.186993626563273,0.9857235050972856,0.0005032576065487,"{'bootstrap': True, 'ccp_alpha': 0.0, 'criterion': 'squared_error', 'max_depth': None, 'max_features': 0.7, 'max_leaf_nodes': None, 'max_samples': None, 'min_impurity_decrease': 0.0, 'min_samples_leaf': 2, 'min_samples_split': 2, 'min_weight_fraction_leaf': 0.0, 'monotonic_cst': None, 'n_estimators': 600, 'n_jobs': -1, 'oob_score': False, 'random_state': 263741, 'verbose': 0, 'warm_start': False}",,,,,,,,,,,,,
atom_gnn,rf,Train,not_all6_bad,1,RandomForestRegressor,,,,,,,,,0.8516305100776557,1.5235006568819327,6437,0.2758133491422339,0.186993626563273,0.9857235050972856,0.0005032576065487,"{'bootstrap': True, 'ccp_alpha': 0.0, 'criterion': 'squared_error', 'max_depth': None, 'max_features': 0.7, 'max_leaf_nodes': None, 'max_samples': None, 'min_impurity_decrease': 0.0, 'min_samples_leaf': 2, 'min_samples_split': 2, 'min_weight_fraction_leaf': 0.0, 'monotonic_cst': None, 'n_estimators': 600, 'n_jobs': -1, 'oob_score': False, 'random_state': 263741, 'verbose': 0, 'warm_start': False}",,,,,,,,,,,,,
atom_gnn,rf,Val,all,1,RandomForestRegressor,,,,,,,,,0.8516305100776557,1.5235006568819327,1610,0.8516305100776557,0.5944658584275158,0.8633059689593983,-0.0157225266923702,"{'bootstrap': True, 'ccp_alpha': 0.0, 'criterion': 'squared_error', 'max_depth': None, 'max_features': 0.7, 'max_leaf_nodes': None, 'max_samples': None, 'min_impurity_decrease': 0.0, 'min_samples_leaf': 2, 'min_samples_split': 2, 'min_weight_fraction_leaf': 0.0, 'monotonic_cst': None, 'n_estimators': 600, 'n_jobs': -1, 'oob_score': False, 'random_state': 263741, 'verbose': 0, 'warm_start': False}",,,,,,,,,,,,,
atom_gnn,rf,Val,all6_bad,1,RandomForestRegressor,,,,,,,,,0.8516305100776557,1.5235006568819327,74,2.256600175918455,2.101162757353542,0.5074480356101008,-0.2171847158547833,"{'bootstrap': True, 'ccp_alpha': 0.0, 'criterion': 'squared_error', 'max_depth': None, 'max_features': 0.7, 'max_leaf_nodes': None, 'max_samples': None, 'min_impurity_decrease': 0.0, 'min_samples_leaf': 2, 'min_samples_split': 2, 'min_weight_fraction_leaf': 0.0, 'monotonic_cst': None, 'n_estimators': 600, 'n_jobs': -1, 'oob_score': False, 'random_state': 263741, 'verbose': 0, 'warm_start': False}",,,,,,,,,,,,,
atom_gnn,rf,Val,not_all6_bad,1,RandomForestRegressor,,,,,,,,,0.8516305100776557,1.5235006568819327,1536,0.7175560301223104,0.5218775963698816,0.8982354730600017,-0.0060166660165768,"{'bootstrap': True, 'ccp_alpha': 0.0, 'criterion': 'squared_error', 'max_depth': None, 'max_features': 0.7, 'max_leaf_nodes': None, 'max_samples': None, 'min_impurity_decrease': 0.0, 'min_samples_leaf': 2, 'min_samples_split': 2, 'min_weight_fraction_leaf': 0.0, 'monotonic_cst': None, 'n_estimators': 600, 'n_jobs': -1, 'oob_score': False, 'random_state': 263741, 'verbose': 0, 'warm_start': False}",,,,,,,,,,,,,
atom_gnn,rf,External,all,1,RandomForestRegressor,,,,,,,,,0.8516305100776557,1.5235006568819327,2251,1.5235006568819327,1.0499773606230962,0.4178553162985569,-0.2863848902341288,"{'bootstrap': True, 'ccp_alpha': 0.0, 'criterion': 'squared_error', 'max_depth': None, 'max_features': 0.7, 'max_leaf_nodes': None, 'max_samples': None, 'min_impurity_decrease': 0.0, 'min_samples_leaf': 2, 'min_samples_split': 2, 'min_weight_fraction_leaf': 0.0, 'monotonic_cst': None, 'n_estimators': 600, 'n_jobs': -1, 'oob_score': False, 'random_state': 263741, 'verbose': 0, 'warm_start': False}",,,,,,,,,,,,,
atom_gnn,rf,External,all6_bad,1,RandomForestRegressor,,,,,,,,,0.8516305100776557,1.5235006568819327,256,3.183363595373081,2.9144986421404764,-0.3298165187794712,-0.8048022967322426,"{'bootstrap': True, 'ccp_alpha': 0.0, 'criterion': 'squared_error', 'max_depth': None, 'max_features': 0.7, 'max_leaf_nodes': None, 'max_samples': None, 'min_impurity_decrease': 0.0, 'min_samples_leaf': 2, 'min_samples_split': 2, 'min_weight_fraction_leaf': 0.0, 'monotonic_cst': None, 'n_estimators': 600, 'n_jobs': -1, 'oob_score': False, 'random_state': 263741, 'verbose': 0, 'warm_start': False}",,,,,,,,,,,,,
atom_gnn,rf,External,not_all6_bad,1,RandomForestRegressor,,,,,,,,,0.8516305100776557,1.5235006568819327,1995,1.1482665048307914,0.8107204944233722,0.6233323119871601,-0.2198611528589323,"{'bootstrap': True, 'ccp_alpha': 0.0, 'criterion': 'squared_error', 'max_depth': None, 'max_features': 0.7, 'max_leaf_nodes': None, 'max_samples': None, 'min_impurity_decrease': 0.0, 'min_samples_leaf': 2, 'min_samples_split': 2, 'min_weight_fraction_leaf': 0.0, 'monotonic_cst': None, 'n_estimators': 600, 'n_jobs': -1, 'oob_score': False, 'random_state': 263741, 'verbose': 0, 'warm_start': False}",,,,,,,,,,,,,
atom_gnn,mlp,Train,all,0,TorchMLP,,,,,,,,,0.88376690747222,1.464557589236402,6437,0.5076048793379349,0.3668433427810669,0.9516448974609376,0.0450509376823902,,384.0,1.0,0.05,0.0010726610835392,2.8964559133599727e-05,256.0,220.0,41.0,cuda:0,,,,
atom_gnn,mlp,Train,not_all6_bad,0,TorchMLP,,,,,,,,,0.88376690747222,1.464557589236402,6437,0.5076048793379349,0.3668433427810669,0.9516448974609376,0.0450509376823902,,384.0,1.0,0.05,0.0010726610835392,2.8964559133599727e-05,256.0,220.0,41.0,cuda:0,,,,
atom_gnn,mlp,Val,all,0,TorchMLP,,,,,,,,,0.88376690747222,1.464557589236402,1610,0.88376690747222,0.6176776885986328,0.8527950048446655,0.0682244747877121,,384.0,1.0,0.05,0.0010726610835392,2.8964559133599727e-05,256.0,220.0,41.0,cuda:0,,,,
atom_gnn,mlp,Val,all6_bad,0,TorchMLP,,,,,,,,,0.88376690747222,1.464557589236402,74,2.3547811690787843,2.183232069015503,0.4636553525924682,-0.1193608492612838,,384.0,1.0,0.05,0.0010726610835392,2.8964559133599727e-05,256.0,220.0,41.0,cuda:0,,,,
atom_gnn,mlp,Val,not_all6_bad,0,TorchMLP,,,,,,,,,0.88376690747222,1.464557589236402,1536,0.7426511821898963,0.5422539114952087,0.8909929394721985,0.077261783182621,,384.0,1.0,0.05,0.0010726610835392,2.8964559133599727e-05,256.0,220.0,41.0,cuda:0,,,,
atom_gnn,mlp,External,all,0,TorchMLP,,,,,,,,,0.88376690747222,1.464557589236402,2251,1.464557589236402,1.0136350393295288,0.4620294570922851,-0.2328583151102066,,384.0,1.0,0.05,0.0010726610835392,2.8964559133599727e-05,256.0,220.0,41.0,cuda:0,,,,
atom_gnn,mlp,External,all6_bad,0,TorchMLP,,,,,,,,,0.88376690747222,1.464557589236402,256,3.1372709821424523,2.879373073577881,-0.2915859222412109,-0.786091685295105,,384.0,1.0,0.05,0.0010726610835392,2.8964559133599727e-05,256.0,220.0,41.0,cuda:0,,,,
atom_gnn,mlp,External,not_all6_bad,0,TorchMLP,,,,,,,,,0.88376690747222,1.464557589236402,1995,1.0757203305794156,0.7742219567298889,0.6694236993789673,-0.1618669778108596,,384.0,1.0,0.05,0.0010726610835392,2.8964559133599727e-05,256.0,220.0,41.0,cuda:0,,,,
atom_gnn,ridge,Train,all,6,ridge_alpha_100.0,,,,,,,,,0.910346441084691,1.5245223657525688,6437,0.6657260477797484,0.5005768537521362,0.9168270230293274,2.394186253695807e-07,"{'alpha': 100.0, 'copy_X': True, 'fit_intercept': True, 'max_iter': None, 'positive': False, 'random_state': None, 'solver': 'auto', 'tol': 0.0001}",,,,,,,,,,,,,
atom_gnn,ridge,Train,not_all6_bad,6,ridge_alpha_100.0,,,,,,,,,0.910346441084691,1.5245223657525688,6437,0.6657260477797484,0.5005768537521362,0.9168270230293274,2.394186253695807e-07,"{'alpha': 100.0, 'copy_X': True, 'fit_intercept': True, 'max_iter': None, 'positive': False, 'random_state': None, 'solver': 'auto', 'tol': 0.0001}",,,,,,,,,,,,,
atom_gnn,ridge,Val,all,6,ridge_alpha_100.0,,,,,,,,,0.910346441084691,1.5245223657525688,1610,0.910346441084691,0.6738964319229126,0.8438073396682739,-0.0012033403618261,"{'alpha': 100.0, 'copy_X': True, 'fit_intercept': True, 'max_iter': None, 'positive': False, 'random_state': None, 'solver': 'auto', 'tol': 0.0001}",,,,,,,,,,,,,
atom_gnn,ridge,Val,all6_bad,6,ridge_alpha_100.0,,,,,,,,,0.910346441084691,1.5245223657525688,74,2.233859663002141,2.0687036514282227,0.517325222492218,-0.217097520828247,"{'alpha': 100.0, 'copy_X': True, 'fit_intercept': True, 'max_iter': None, 'positive': False, 'random_state': None, 'solver': 'auto', 'tol': 0.0001}",,,,,,,,,,,,,
atom_gnn,ridge,Val,not_all6_bad,6,ridge_alpha_100.0,,,,,,,,,0.910346441084691,1.5245223657525688,1536,0.7926200889431649,0.6066986918449402,0.8758304715156555,0.0091978115960955,"{'alpha': 100.0, 'copy_X': True, 'fit_intercept': True, 'max_iter': None, 'positive': False, 'random_state': None, 'solver': 'auto', 'tol': 0.0001}",,,,,,,,,,,,,
atom_gnn,ridge,External,all,6,ridge_alpha_100.0,,,,,,,,,0.910346441084691,1.5245223657525688,2251,1.5245223657525688,1.0799633264541626,0.4170742630958557,-0.251117080450058,"{'alpha': 100.0, 'copy_X': True, 'fit_intercept': True, 'max_iter': None, 'positive': False, 'random_state': None, 'solver': 'auto', 'tol': 0.0001}",,,,,,,,,,,,,
atom_gnn,ridge,External,all6_bad,6,ridge_alpha_100.0,,,,,,,,,0.910346441084691,1.5245223657525688,256,3.1714190075458872,2.865297079086304,-0.3198556900024414,-0.7819725871086121,"{'alpha': 100.0, 'copy_X': True, 'fit_intercept': True, 'max_iter': None, 'positive': False, 'random_state': None, 'solver': 'auto', 'tol': 0.0001}",,,,,,,,,,,,,
atom_gnn,ridge,External,not_all6_bad,6,ridge_alpha_100.0,,,,,,,,,0.910346441084691,1.5245223657525688,1995,1.154023320400422,0.8508679270744324,0.6195459961891174,-0.1829972863197326,"{'alpha': 100.0, 'copy_X': True, 'fit_intercept': True, 'max_iter': None, 'positive': False, 'random_state': None, 'solver': 'auto', 'tol': 0.0001}",,,,,,,,,,,,,
atom_gnn,knn_svm,Train,all,4,KNeighborsRegressor,,,,,,,,,0.9299481712389476,1.581538700107396,6437,0.0034343526935923,9.608496264581037e-05,0.9999977864934187,-1.0772783300550553e-07,,,,,,,,,,,sklearn_knn,10.0,distance,euclidean
atom_gnn,knn_svm,Train,not_all6_bad,4,KNeighborsRegressor,,,,,,,,,0.9299481712389476,1.581538700107396,6437,0.0034343526935923,9.608496264581037e-05,0.9999977864934187,-1.0772783300550553e-07,,,,,,,,,,,sklearn_knn,10.0,distance,euclidean
atom_gnn,knn_svm,Val,all,4,KNeighborsRegressor,,,,,,,,,0.9299481712389476,1.581538700107396,1610,0.9299481712389476,0.6646813351863027,0.8370086276063801,0.0220474024049381,,,,,,,,,,,sklearn_knn,10.0,distance,euclidean
atom_gnn,knn_svm,Val,all6_bad,4,KNeighborsRegressor,,,,,,,,,0.9299481712389476,1.581538700107396,74,2.22169241762145,2.0037720172289677,0.5225689218336657,-0.2345077118049149,,,,,,,,,,,sklearn_knn,10.0,distance,euclidean
atom_gnn,knn_svm,Val,not_all6_bad,4,KNeighborsRegressor,,,,,,,,,0.9299481712389476,1.581538700107396,1536,0.8177219711814175,0.6001678518066432,0.86784119139515,0.034407479521819,,,,,,,,,,,sklearn_knn,10.0,distance,euclidean
atom_gnn,knn_svm,External,all,4,KNeighborsRegressor,,,,,,,,,0.9299481712389476,1.581538700107396,2251,1.581538700107396,1.0859490808193404,0.3726566609291922,-0.2109899026926854,,,,,,,,,,,sklearn_knn,10.0,distance,euclidean
atom_gnn,knn_svm,External,all6_bad,4,KNeighborsRegressor,,,,,,,,,0.9299481712389476,1.581538700107396,256,3.276699794286098,2.951160301478131,-0.4089401340364762,-0.7731486361145097,,,,,,,,,,,sklearn_knn,10.0,distance,euclidean
atom_gnn,knn_svm,External,not_all6_bad,4,KNeighborsRegressor,,,,,,,,,0.9299481712389476,1.581538700107396,1995,1.2018648406278614,0.846603681075656,0.587347734020313,-0.1388532431658748,,,,,,,,,,,sklearn_knn,10.0,distance,euclidean
brics_gnn,xgb,Train,all,5,XGBRegressor,300.0,6.0,0.0327414889050695,0.85,0.65,1.0,0.0001,2.0,0.9583018684750342,1.403000914050652,6437,0.496475913563199,0.374898612499237,0.95374196767807,0.0002760633069556,,,,,,,,,,,,,,
brics_gnn,xgb,Train,not_all6_bad,5,XGBRegressor,300.0,6.0,0.0327414889050695,0.85,0.65,1.0,0.0001,2.0,0.9583018684750342,1.403000914050652,6437,0.496475913563199,0.374898612499237,0.95374196767807,0.0002760633069556,,,,,,,,,,,,,,
brics_gnn,xgb,Val,all,5,XGBRegressor,300.0,6.0,0.0327414889050695,0.85,0.65,1.0,0.0001,2.0,0.9583018684750342,1.403000914050652,1610,0.9583018684750342,0.6992500424385071,0.8269180059432983,-0.0282323025166988,,,,,,,,,,,,,,
brics_gnn,xgb,Val,all6_bad,5,XGBRegressor,300.0,6.0,0.0327414889050695,0.85,0.65,1.0,0.0001,2.0,0.9583018684750342,1.403000914050652,74,2.3377980251346013,2.195166826248169,0.47136390209198,-0.2068114578723907,,,,,,,,,,,,,,
brics_gnn,xgb,Val,not_all6_bad,5,XGBRegressor,300.0,6.0,0.0327414889050695,0.85,0.65,1.0,0.0001,2.0,0.9583018684750342,1.403000914050652,1536,0.8362316077680224,0.6271811723709106,0.8617904782295227,-0.0196288805454969,,,,,,,,,,,,,,
brics_gnn,xgb,External,all,5,XGBRegressor,300.0,6.0,0.0327414889050695,0.85,0.65,1.0,0.0001,2.0,0.9583018684750342,1.403000914050652,2251,1.403000914050652,0.9615066051483154,0.506301760673523,-0.1388330459594726,,,,,,,,,,,,,,
brics_gnn,xgb,External,all6_bad,5,XGBRegressor,300.0,6.0,0.0327414889050695,0.85,0.65,1.0,0.0001,2.0,0.9583018684750342,1.403000914050652,256,3.123338639191389,2.811347961425781,-0.280139684677124,-0.763667643070221,,,,,,,,,,,,,,
brics_gnn,xgb,External,not_all6_bad,5,XGBRegressor,300.0,6.0,0.0327414889050695,0.85,0.65,1.0,0.0001,2.0,0.9583018684750342,1.403000914050652,1995,0.9844789904207216,0.724133312702179,0.7231236696243286,-0.0586537905037403,,,,,,,,,,,,,,
brics_gnn,rf,Train,all,0,ExtraTreesRegressor,,,,,,,,,0.9470889141007208,1.3986219979456105,6437,0.5477324177682887,0.40397987765712,0.943697468519903,-2.4284511708439035e-17,"{'bootstrap': False, 'ccp_alpha': 0.0, 'criterion': 'squared_error', 'max_depth': None, 'max_features': 1.0, 'max_leaf_nodes': None, 'max_samples': None, 'min_impurity_decrease': 0.0, 'min_samples_leaf': 8, 'min_samples_split': 2, 'min_weight_fraction_leaf': 0.0, 'monotonic_cst': None, 'n_estimators': 250, 'n_jobs': -1, 'oob_score': False, 'random_state': 264740, 'verbose': 0, 'warm_start': False}",,,,,,,,,,,,,
brics_gnn,rf,Train,not_all6_bad,0,ExtraTreesRegressor,,,,,,,,,0.9470889141007208,1.3986219979456105,6437,0.5477324177682887,0.40397987765712,0.943697468519903,-2.4284511708439035e-17,"{'bootstrap': False, 'ccp_alpha': 0.0, 'criterion': 'squared_error', 'max_depth': None, 'max_features': 1.0, 'max_leaf_nodes': None, 'max_samples': None, 'min_impurity_decrease': 0.0, 'min_samples_leaf': 8, 'min_samples_split': 2, 'min_weight_fraction_leaf': 0.0, 'monotonic_cst': None, 'n_estimators': 250, 'n_jobs': -1, 'oob_score': False, 'random_state': 264740, 'verbose': 0, 'warm_start': False}",,,,,,,,,,,,,
brics_gnn,rf,Val,all,0,ExtraTreesRegressor,,,,,,,,,0.9470889141007208,1.3986219979456105,1610,0.9470889141007208,0.6914659726364685,0.8309447612633538,-0.0291539269337005,"{'bootstrap': False, 'ccp_alpha': 0.0, 'criterion': 'squared_error', 'max_depth': None, 'max_features': 1.0, 'max_leaf_nodes': None, 'max_samples': None, 'min_impurity_decrease': 0.0, 'min_samples_leaf': 8, 'min_samples_split': 2, 'min_weight_fraction_leaf': 0.0, 'monotonic_cst': None, 'n_estimators': 250, 'n_jobs': -1, 'oob_score': False, 'random_state': 264740, 'verbose': 0, 'warm_start': False}",,,,,,,,,,,,,
brics_gnn,rf,Val,all6_bad,0,ExtraTreesRegressor,,,,,,,,,0.9470889141007208,1.3986219979456105,74,2.2898742342459686,2.160455487929042,0.4928153734832426,-0.1858538213602469,"{'bootstrap': False, 'ccp_alpha': 0.0, 'criterion': 'squared_error', 'max_depth': None, 'max_features': 1.0, 'max_leaf_nodes': None, 'max_samples': None, 'min_impurity_decrease': 0.0, 'min_samples_leaf': 8, 'min_samples_split': 2, 'min_weight_fraction_leaf': 0.0, 'monotonic_cst': None, 'n_estimators': 250, 'n_jobs': -1, 'oob_score': False, 'random_state': 264740, 'verbose': 0, 'warm_start': False}",,,,,,,,,,,,,
brics_gnn,rf,Val,not_all6_bad,0,ExtraTreesRegressor,,,,,,,,,0.9470889141007208,1.3986219979456105,1536,0.8292005026378515,0.6206943423424253,0.8641048696642649,-0.0216045830615883,"{'bootstrap': False, 'ccp_alpha': 0.0, 'criterion': 'squared_error', 'max_depth': None, 'max_features': 1.0, 'max_leaf_nodes': None, 'max_samples': None, 'min_impurity_decrease': 0.0, 'min_samples_leaf': 8, 'min_samples_split': 2, 'min_weight_fraction_leaf': 0.0, 'monotonic_cst': None, 'n_estimators': 250, 'n_jobs': -1, 'oob_score': False, 'random_state': 264740, 'verbose': 0, 'warm_start': False}",,,,,,,,,,,,,
brics_gnn,rf,External,all,0,ExtraTreesRegressor,,,,,,,,,0.9470889141007208,1.3986219979456105,2251,1.3986219979456105,0.9574428151643264,0.5093787513404724,-0.1391294342347136,"{'bootstrap': False, 'ccp_alpha': 0.0, 'criterion': 'squared_error', 'max_depth': None, 'max_features': 1.0, 'max_leaf_nodes': None, 'max_samples': None, 'min_impurity_decrease': 0.0, 'min_samples_leaf': 8, 'min_samples_split': 2, 'min_weight_fraction_leaf': 0.0, 'monotonic_cst': None, 'n_estimators': 250, 'n_jobs': -1, 'oob_score': False, 'random_state': 264740, 'verbose': 0, 'warm_start': False}",,,,,,,,,,,,,
brics_gnn,rf,External,all6_bad,0,ExtraTreesRegressor,,,,,,,,,0.9470889141007208,1.3986219979456105,256,3.111846431790664,2.8058218895533638,-0.2707366205771306,-0.7732750837731845,"{'bootstrap': False, 'ccp_alpha': 0.0, 'criterion': 'squared_error', 'max_depth': None, 'max_features': 1.0, 'max_leaf_nodes': None, 'max_samples': None, 'min_impurity_decrease': 0.0, 'min_samples_leaf': 8, 'min_samples_split': 2, 'min_weight_fraction_leaf': 0.0, 'monotonic_cst': None, 'n_estimators': 250, 'n_jobs': -1, 'oob_score': False, 'random_state': 264740, 'verbose': 0, 'warm_start': False}",,,,,,,,,,,,,
brics_gnn,rf,External,not_all6_bad,0,ExtraTreesRegressor,,,,,,,,,0.9470889141007208,1.3986219979456105,1995,0.9821158734957708,0.7202573299294422,0.7244512570769448,-0.0577553558979474,"{'bootstrap': False, 'ccp_alpha': 0.0, 'criterion': 'squared_error', 'max_depth': None, 'max_features': 1.0, 'max_leaf_nodes': None, 'max_samples': None, 'min_impurity_decrease': 0.0, 'min_samples_leaf': 8, 'min_samples_split': 2, 'min_weight_fraction_leaf': 0.0, 'monotonic_cst': None, 'n_estimators': 250, 'n_jobs': -1, 'oob_score': False, 'random_state': 264740, 'verbose': 0, 'warm_start': False}",,,,,,,,,,,,,
brics_gnn,mlp,Train,all,4,TorchMLP,,,,,,,,,0.9663107526464956,1.3995914919086292,6437,0.7181440784785222,0.5392982363700867,0.903213620185852,0.0281896088272333,,128.0,3.0,0.0,0.0013224715282062,5.420137424749743e-07,512.0,220.0,46.0,cuda:0,,,,
brics_gnn,mlp,Train,not_all6_bad,4,TorchMLP,,,,,,,,,0.9663107526464956,1.3995914919086292,6437,0.7181440784785222,0.5392982363700867,0.903213620185852,0.0281896088272333,,128.0,3.0,0.0,0.0013224715282062,5.420137424749743e-07,512.0,220.0,46.0,cuda:0,,,,
brics_gnn,mlp,Val,all,4,TorchMLP,,,,,,,,,0.9663107526464956,1.3995914919086292,1610,0.9663107526464956,0.707280695438385,0.8240129351615906,-0.0074945199303328,,128.0,3.0,0.0,0.0013224715282062,5.420137424749743e-07,512.0,220.0,46.0,cuda:0,,,,
brics_gnn,mlp,Val,all6_bad,4,TorchMLP,,,,,,,,,0.9663107526464956,1.3995914919086292,74,2.285757132537338,2.1393918991088867,0.4946374893188476,-0.2042565494775772,,128.0,3.0,0.0,0.0013224715282062,5.420137424749743e-07,512.0,220.0,46.0,cuda:0,,,,
brics_gnn,mlp,Val,not_all6_bad,4,TorchMLP,,,,,,,,,0.9663107526464956,1.3995914919086292,1536,0.8526616483562552,0.6382856965065002,0.8563061356544495,0.0019849042873829,,128.0,3.0,0.0,0.0013224715282062,5.420137424749743e-07,512.0,220.0,46.0,cuda:0,,,,
brics_gnn,mlp,External,all,4,TorchMLP,,,,,,,,,0.9663107526464956,1.3995914919086292,2251,1.3995914919086292,0.973630428314209,0.5086983442306519,-0.1093824803829193,,128.0,3.0,0.0,0.0013224715282062,5.420137424749743e-07,512.0,220.0,46.0,cuda:0,,,,
brics_gnn,mlp,External,all6_bad,4,TorchMLP,,,,,,,,,0.9663107526464956,1.3995914919086292,256,3.067965865322046,2.766609668731689,-0.2351516485214233,-0.75274658203125,,128.0,3.0,0.0,0.0013224715282062,5.420137424749743e-07,512.0,220.0,46.0,cuda:0,,,,
brics_gnn,mlp,External,not_all6_bad,4,TorchMLP,,,,,,,,,0.9663107526464956,1.3995914919086292,1995,1.0012041233329891,0.7435539364814758,0.7136361002922058,-0.0268254745751619,,128.0,3.0,0.0,0.0013224715282062,5.420137424749743e-07,512.0,220.0,46.0,cuda:0,,,,
brics_gnn,ridge,Train,all,7,ridge_alpha_300.0,,,,,,,,,1.021812080056087,1.4449347749924717,6437,0.8176258596308752,0.6242042183876038,0.8745414614677429,4.812077349924948e-07,"{'alpha': 300.0, 'copy_X': True, 'fit_intercept': True, 'max_iter': None, 'positive': False, 'random_state': None, 'solver': 'auto', 'tol': 0.0001}",,,,,,,,,,,,,
brics_gnn,ridge,Train,not_all6_bad,7,ridge_alpha_300.0,,,,,,,,,1.021812080056087,1.4449347749924717,6437,0.8176258596308752,0.6242042183876038,0.8745414614677429,4.812077349924948e-07,"{'alpha': 300.0, 'copy_X': True, 'fit_intercept': True, 'max_iter': None, 'positive': False, 'random_state': None, 'solver': 'auto', 'tol': 0.0001}",,,,,,,,,,,,,
brics_gnn,ridge,Val,all,7,ridge_alpha_300.0,,,,,,,,,1.021812080056087,1.4449347749924717,1610,1.021812080056087,0.7604234218597412,0.8032162189483643,-0.0291569307446479,"{'alpha': 300.0, 'copy_X': True, 'fit_intercept': True, 'max_iter': None, 'positive': False, 'random_state': None, 'solver': 'auto', 'tol': 0.0001}",,,,,,,,,,,,,
brics_gnn,ridge,Val,all6_bad,7,ridge_alpha_300.0,,,,,,,,,1.021812080056087,1.4449347749924717,74,2.287686399776137,2.11242151260376,0.4937840700149536,-0.2182532846927642,"{'alpha': 300.0, 'copy_X': True, 'fit_intercept': True, 'max_iter': None, 'positive': False, 'random_state': None, 'solver': 'auto', 'tol': 0.0001}",,,,,,,,,,,,,
brics_gnn,ridge,Val,not_all6_bad,7,ridge_alpha_300.0,,,,,,,,,1.021812080056087,1.4449347749924717,1536,0.9177508156361562,0.6952880024909973,0.8335306644439697,-0.0200468208640813,"{'alpha': 300.0, 'copy_X': True, 'fit_intercept': True, 'max_iter': None, 'positive': False, 'random_state': None, 'solver': 'auto', 'tol': 0.0001}",,,,,,,,,,,,,
brics_gnn,ridge,External,all,7,ridge_alpha_300.0,,,,,,,,,1.021812080056087,1.4449347749924717,2251,1.4449347749924717,1.013704538345337,0.4763488173484802,-0.1217937543988227,"{'alpha': 300.0, 'copy_X': True, 'fit_intercept': True, 'max_iter': None, 'positive': False, 'random_state': None, 'solver': 'auto', 'tol': 0.0001}",,,,,,,,,,,,,
brics_gnn,ridge,External,all6_bad,7,ridge_alpha_300.0,,,,,,,,,1.021812080056087,1.4449347749924717,256,3.112151626639098,2.7977511882781982,-0.2709858417510986,-0.7508651614189148,"{'alpha': 300.0, 'copy_X': True, 'fit_intercept': True, 'max_iter': None, 'positive': False, 'random_state': None, 'solver': 'auto', 'tol': 0.0001}",,,,,,,,,,,,,
brics_gnn,ridge,External,not_all6_bad,7,ridge_alpha_300.0,,,,,,,,,1.021812080056087,1.4449347749924717,1995,1.0549406524887728,0.7847742438316345,0.6820718050003052,-0.0410708226263523,"{'alpha': 300.0, 'copy_X': True, 'fit_intercept': True, 'max_iter': None, 'positive': False, 'random_state': None, 'solver': 'auto', 'tol': 0.0001}",,,,,,,,,,,,,
brics_gnn,knn_svm,Train,all,6,KNeighborsRegressor,,,,,,,,,0.985491540136974,1.4545221098100716,6437,0.1049242655606167,0.0281853710824861,0.997933940108427,-0.0001170850140813,,,,,,,,,,,sklearn_knn,20.0,distance,euclidean
brics_gnn,knn_svm,Train,not_all6_bad,6,KNeighborsRegressor,,,,,,,,,0.985491540136974,1.4545221098100716,6437,0.1049242655606167,0.0281853710824861,0.997933940108427,-0.0001170850140813,,,,,,,,,,,sklearn_knn,20.0,distance,euclidean
brics_gnn,knn_svm,Val,all,6,KNeighborsRegressor,,,,,,,,,0.985491540136974,1.4545221098100716,1610,0.985491540136974,0.7126385425297341,0.8169570830391322,-0.011953896428921,,,,,,,,,,,sklearn_knn,20.0,distance,euclidean
brics_gnn,knn_svm,Val,all6_bad,6,KNeighborsRegressor,,,,,,,,,0.985491540136974,1.4545221098100716,74,2.3062266449786906,2.1158557494551826,0.4855457124782733,-0.1469801879115412,,,,,,,,,,,sklearn_knn,20.0,distance,euclidean
brics_gnn,knn_svm,Val,not_all6_bad,6,KNeighborsRegressor,,,,,,,,,0.985491540136974,1.4545221098100716,1536,0.872779637402945,0.6450356302169196,0.8494454130457713,-0.0054487235319718,,,,,,,,,,,sklearn_knn,20.0,distance,euclidean
brics_gnn,knn_svm,External,all,6,KNeighborsRegressor,,,,,,,,,0.985491540136974,1.4545221098100716,2251,1.4545221098100716,0.9641642466156628,0.4693767215622203,-0.1051702461385765,,,,,,,,,,,sklearn_knn,20.0,distance,euclidean
brics_gnn,knn_svm,External,all6_bad,6,KNeighborsRegressor,,,,,,,,,0.985491540136974,1.4545221098100716,256,3.185697609436409,2.8471064441328613,-0.3317672530934481,-0.7132390514646525,,,,,,,,,,,sklearn_knn,20.0,distance,euclidean
brics_gnn,knn_svm,External,not_all6_bad,6,KNeighborsRegressor,,,,,,,,,0.985491540136974,1.4545221098100716,1995,1.0415513015993707,0.7225435937011752,0.6900909168271125,-0.0271423693649046,,,,,,,,,,,sklearn_knn,20.0,distance,euclidean
murcko_gnn,xgb,Train,all,3,XGBRegressor,500.0,5.0,0.0954624971273226,0.85,1.0,3.0,0.01,5.0,0.949302355691062,1.369792657810718,6437,0.3887679014959913,0.2870003879070282,0.9716356992721558,-0.0003184881061315,,,,,,,,,,,,,,
murcko_gnn,xgb,Train,not_all6_bad,3,XGBRegressor,500.0,5.0,0.0954624971273226,0.85,1.0,3.0,0.01,5.0,0.949302355691062,1.369792657810718,6437,0.3887679014959913,0.2870003879070282,0.9716356992721558,-0.0003184881061315,,,,,,,,,,,,,,
murcko_gnn,xgb,Val,all,3,XGBRegressor,500.0,5.0,0.0954624971273226,0.85,1.0,3.0,0.01,5.0,0.949302355691062,1.369792657810718,1610,0.949302355691062,0.6916102170944214,0.8301536440849304,-0.011059857904911,,,,,,,,,,,,,,
murcko_gnn,xgb,Val,all6_bad,3,XGBRegressor,500.0,5.0,0.0954624971273226,0.85,1.0,3.0,0.01,5.0,0.949302355691062,1.369792657810718,74,2.258085980071617,2.09183120727539,0.5067991614341736,-0.2335508167743683,,,,,,,,,,,,,,
murcko_gnn,xgb,Val,not_all6_bad,3,XGBRegressor,500.0,5.0,0.0954624971273226,0.85,1.0,3.0,0.01,5.0,0.949302355691062,1.369792657810718,1536,0.8360253047284704,0.6241516470909119,0.8618586659431458,-0.0003408951160963,,,,,,,,,,,,,,
murcko_gnn,xgb,External,all,3,XGBRegressor,500.0,5.0,0.0954624971273226,0.85,1.0,3.0,0.01,5.0,0.949302355691062,1.369792657810718,2251,1.369792657810718,0.91936993598938,0.5293963551521301,-0.1013114973902702,,,,,,,,,,,,,,
murcko_gnn,xgb,External,all6_bad,3,XGBRegressor,500.0,5.0,0.0954624971273226,0.85,1.0,3.0,0.01,5.0,0.949302355691062,1.369792657810718,256,3.180984120228288,2.8819375038146973,-0.3278292417526245,-0.8328619599342346,,,,,,,,,,,,,,
murcko_gnn,xgb,External,not_all6_bad,3,XGBRegressor,500.0,5.0,0.0954624971273226,0.85,1.0,3.0,0.01,5.0,0.949302355691062,1.369792657810718,1995,0.90480370047063,0.6675316691398621,0.7661261558532715,-0.007438360247761,,,,,,,,,,,,,,
murcko_gnn,rf,Train,all,6,ExtraTreesRegressor,,,,,,,,,0.9382871230985204,1.3694112725956975,6437,0.4135013441595146,0.2986283289737549,0.9679118349973648,-3.090756035619513e-17,"{'bootstrap': False, 'ccp_alpha': 0.0, 'criterion': 'squared_error', 'max_depth': 14, 'max_features': 0.7, 'max_leaf_nodes': None, 'max_samples': None, 'min_impurity_decrease': 0.0, 'min_samples_leaf': 2, 'min_samples_split': 2, 'min_weight_fraction_leaf': 0.0, 'monotonic_cst': None, 'n_estimators': 600, 'n_jobs': -1, 'oob_score': False, 'random_state': 265746, 'verbose': 0, 'warm_start': False}",,,,,,,,,,,,,
murcko_gnn,rf,Train,not_all6_bad,6,ExtraTreesRegressor,,,,,,,,,0.9382871230985204,1.3694112725956975,6437,0.4135013441595146,0.2986283289737549,0.9679118349973648,-3.090756035619513e-17,"{'bootstrap': False, 'ccp_alpha': 0.0, 'criterion': 'squared_error', 'max_depth': 14, 'max_features': 0.7, 'max_leaf_nodes': None, 'max_samples': None, 'min_impurity_decrease': 0.0, 'min_samples_leaf': 2, 'min_samples_split': 2, 'min_weight_fraction_leaf': 0.0, 'monotonic_cst': None, 'n_estimators': 600, 'n_jobs': -1, 'oob_score': False, 'random_state': 265746, 'verbose': 0, 'warm_start': False}",,,,,,,,,,,,,
murcko_gnn,rf,Val,all,6,ExtraTreesRegressor,,,,,,,,,0.9382871230985204,1.3694112725956975,1610,0.9382871230985204,0.6880276362956038,0.8340723969667391,-0.0219181670736607,"{'bootstrap': False, 'ccp_alpha': 0.0, 'criterion': 'squared_error', 'max_depth': 14, 'max_features': 0.7, 'max_leaf_nodes': None, 'max_samples': None, 'min_impurity_decrease': 0.0, 'min_samples_leaf': 2, 'min_samples_split': 2, 'min_weight_fraction_leaf': 0.0, 'monotonic_cst': None, 'n_estimators': 600, 'n_jobs': -1, 'oob_score': False, 'random_state': 265746, 'verbose': 0, 'warm_start': False}",,,,,,,,,,,,,
murcko_gnn,rf,Val,all6_bad,6,ExtraTreesRegressor,,,,,,,,,0.9382871230985204,1.3694112725956975,74,2.307130414862077,2.134061474460521,0.4851424221988852,-0.2560679969946455,"{'bootstrap': False, 'ccp_alpha': 0.0, 'criterion': 'squared_error', 'max_depth': 14, 'max_features': 0.7, 'max_leaf_nodes': None, 'max_samples': None, 'min_impurity_decrease': 0.0, 'min_samples_leaf': 2, 'min_samples_split': 2, 'min_weight_fraction_leaf': 0.0, 'monotonic_cst': None, 'n_estimators': 600, 'n_jobs': -1, 'oob_score': False, 'random_state': 265746, 'verbose': 0, 'warm_start': False}",,,,,,,,,,,,,
murcko_gnn,rf,Val,not_all6_bad,6,ExtraTreesRegressor,,,,,,,,,0.9382871230985204,1.3694112725956975,1536,0.8163072785951508,0.6183619435715128,0.8682980761690783,-0.0106375112050716,"{'bootstrap': False, 'ccp_alpha': 0.0, 'criterion': 'squared_error', 'max_depth': 14, 'max_features': 0.7, 'max_leaf_nodes': None, 'max_samples': None, 'min_impurity_decrease': 0.0, 'min_samples_leaf': 2, 'min_samples_split': 2, 'min_weight_fraction_leaf': 0.0, 'monotonic_cst': None, 'n_estimators': 600, 'n_jobs': -1, 'oob_score': False, 'random_state': 265746, 'verbose': 0, 'warm_start': False}",,,,,,,,,,,,,
murcko_gnn,rf,External,all,6,ExtraTreesRegressor,,,,,,,,,0.9382871230985204,1.3694112725956975,2251,1.3694112725956975,0.9218182026824028,0.5296583469828307,-0.1142186884227701,"{'bootstrap': False, 'ccp_alpha': 0.0, 'criterion': 'squared_error', 'max_depth': 14, 'max_features': 0.7, 'max_leaf_nodes': None, 'max_samples': None, 'min_impurity_decrease': 0.0, 'min_samples_leaf': 2, 'min_samples_split': 2, 'min_weight_fraction_leaf': 0.0, 'monotonic_cst': None, 'n_estimators': 600, 'n_jobs': -1, 'oob_score': False, 'random_state': 265746, 'verbose': 0, 'warm_start': False}",,,,,,,,,,,,,
murcko_gnn,rf,External,all6_bad,6,ExtraTreesRegressor,,,,,,,,,0.9382871230985204,1.3694112725956975,256,3.20073907001814,2.888467333445748,-0.3443729788039713,-0.8542854138352334,"{'bootstrap': False, 'ccp_alpha': 0.0, 'criterion': 'squared_error', 'max_depth': 14, 'max_features': 0.7, 'max_leaf_nodes': None, 'max_samples': None, 'min_impurity_decrease': 0.0, 'min_samples_leaf': 2, 'min_samples_split': 2, 'min_weight_fraction_leaf': 0.0, 'monotonic_cst': None, 'n_estimators': 600, 'n_jobs': -1, 'oob_score': False, 'random_state': 265746, 'verbose': 0, 'warm_start': False}",,,,,,,,,,,,,
murcko_gnn,rf,External,not_all6_bad,6,ExtraTreesRegressor,,,,,,,,,0.9382871230985204,1.3694112725956975,1995,0.8951611861084782,0.6694562089603895,0.7710843632727508,-0.0192527326806194,"{'bootstrap': False, 'ccp_alpha': 0.0, 'criterion': 'squared_error', 'max_depth': 14, 'max_features': 0.7, 'max_leaf_nodes': None, 'max_samples': None, 'min_impurity_decrease': 0.0, 'min_samples_leaf': 2, 'min_samples_split': 2, 'min_weight_fraction_leaf': 0.0, 'monotonic_cst': None, 'n_estimators': 600, 'n_jobs': -1, 'oob_score': False, 'random_state': 265746, 'verbose': 0, 'warm_start': False}",,,,,,,,,,,,,
murcko_gnn,mlp,Train,all,7,TorchMLP,,,,,,,,,0.9483685865928244,1.3499742558461805,6437,0.688893617967128,0.5065511465072632,0.9109374284744264,0.0016739533748477,,128.0,2.0,0.35,0.0006082916299208,7.537891327061953e-06,128.0,220.0,141.0,cuda:0,,,,
murcko_gnn,mlp,Train,not_all6_bad,7,TorchMLP,,,,,,,,,0.9483685865928244,1.3499742558461805,6437,0.688893617967128,0.5065511465072632,0.9109374284744264,0.0016739533748477,,128.0,2.0,0.35,0.0006082916299208,7.537891327061953e-06,128.0,220.0,141.0,cuda:0,,,,
murcko_gnn,mlp,Val,all,7,TorchMLP,,,,,,,,,0.9483685865928244,1.3499742558461805,1610,0.9483685865928244,0.6969094276428223,0.8304876089096069,-0.0200255382806062,,128.0,2.0,0.35,0.0006082916299208,7.537891327061953e-06,128.0,220.0,141.0,cuda:0,,,,
murcko_gnn,mlp,Val,all6_bad,7,TorchMLP,,,,,,,,,0.9483685865928244,1.3499742558461805,74,2.295030229323684,2.107043504714966,0.4905287623405456,-0.2164090573787689,,128.0,2.0,0.35,0.0006082916299208,7.537891327061953e-06,128.0,220.0,141.0,cuda:0,,,,
murcko_gnn,mlp,Val,not_all6_bad,7,TorchMLP,,,,,,,,,0.9483685865928244,1.3499742558461805,1536,0.8300463861119656,0.6289733052253723,0.8638274669647217,-0.0105643570423126,,128.0,2.0,0.35,0.0006082916299208,7.537891327061953e-06,128.0,220.0,141.0,cuda:0,,,,
murcko_gnn,mlp,External,all,7,TorchMLP,,,,,,,,,0.9483685865928244,1.3499742558461805,2251,1.3499742558461805,0.9249900579452516,0.542915403842926,-0.1180633604526519,,128.0,2.0,0.35,0.0006082916299208,7.537891327061953e-06,128.0,220.0,141.0,cuda:0,,,,
murcko_gnn,mlp,External,all6_bad,7,TorchMLP,,,,,,,,,0.9483685865928244,1.3499742558461805,256,3.1219534710404955,2.817054748535156,-0.2790044546127319,-0.8448514342308044,,128.0,2.0,0.35,0.0006082916299208,7.537891327061953e-06,128.0,220.0,141.0,cuda:0,,,,
murcko_gnn,mlp,External,not_all6_bad,7,TorchMLP,,,,,,,,,0.9483685865928244,1.3499742558461805,1995,0.8975498624461414,0.6821987628936768,0.7698610424995422,-0.0248013250529766,,128.0,2.0,0.35,0.0006082916299208,7.537891327061953e-06,128.0,220.0,141.0,cuda:0,,,,
murcko_gnn,ridge,Train,all,10,elastic_alpha_0.01_l1_0.15,,,,,,,,,1.0551143206446951,1.4205324311144396,6437,0.8670034127261743,0.6598314642906189,0.8589306473731995,-9.481925467014209e-09,"{'alpha': 0.01, 'copy_X': True, 'fit_intercept': True, 'l1_ratio': 0.15, 'max_iter': 5000, 'positive': False, 'precompute': False, 'random_state': 265814, 'selection': 'cyclic', 'tol': 0.0001, 'warm_start': False}",,,,,,,,,,,,,
murcko_gnn,ridge,Train,not_all6_bad,10,elastic_alpha_0.01_l1_0.15,,,,,,,,,1.0551143206446951,1.4205324311144396,6437,0.8670034127261743,0.6598314642906189,0.8589306473731995,-9.481925467014209e-09,"{'alpha': 0.01, 'copy_X': True, 'fit_intercept': True, 'l1_ratio': 0.15, 'max_iter': 5000, 'positive': False, 'precompute': False, 'random_state': 265814, 'selection': 'cyclic', 'tol': 0.0001, 'warm_start': False}",,,,,,,,,,,,,
murcko_gnn,ridge,Val,all,10,elastic_alpha_0.01_l1_0.15,,,,,,,,,1.0551143206446951,1.4205324311144396,1610,1.0551143206446951,0.8035785555839539,0.7901803255081177,-0.0225850362330675,"{'alpha': 0.01, 'copy_X': True, 'fit_intercept': True, 'l1_ratio': 0.15, 'max_iter': 5000, 'positive': False, 'precompute': False, 'random_state': 265814, 'selection': 'cyclic', 'tol': 0.0001, 'warm_start': False}",,,,,,,,,,,,,
murcko_gnn,ridge,Val,all6_bad,10,elastic_alpha_0.01_l1_0.15,,,,,,,,,1.0551143206446951,1.4205324311144396,74,2.357875119863557,2.074132442474365,0.4622449874877929,-0.2981777787208557,"{'alpha': 0.01, 'copy_X': True, 'fit_intercept': True, 'l1_ratio': 0.15, 'max_iter': 5000, 'positive': False, 'precompute': False, 'random_state': 265814, 'selection': 'cyclic', 'tol': 0.0001, 'warm_start': False}",,,,,,,,,,,,,
murcko_gnn,ridge,Val,not_all6_bad,10,elastic_alpha_0.01_l1_0.15,,,,,,,,,1.0551143206446951,1.4205324311144396,1536,0.9481856450077876,0.7423670291900635,0.8223065137863159,-0.0093077784404158,"{'alpha': 0.01, 'copy_X': True, 'fit_intercept': True, 'l1_ratio': 0.15, 'max_iter': 5000, 'positive': False, 'precompute': False, 'random_state': 265814, 'selection': 'cyclic', 'tol': 0.0001, 'warm_start': False}",,,,,,,,,,,,,
murcko_gnn,ridge,External,all,10,elastic_alpha_0.01_l1_0.15,,,,,,,,,1.0551143206446951,1.4205324311144396,2251,1.4205324311144396,1.0041192770004272,0.4938864707946777,-0.0975055620074272,"{'alpha': 0.01, 'copy_X': True, 'fit_intercept': True, 'l1_ratio': 0.15, 'max_iter': 5000, 'positive': False, 'precompute': False, 'random_state': 265814, 'selection': 'cyclic', 'tol': 0.0001, 'warm_start': False}",,,,,,,,,,,,,
murcko_gnn,ridge,External,all6_bad,10,elastic_alpha_0.01_l1_0.15,,,,,,,,,1.0551143206446951,1.4205324311144396,256,3.173494123050434,2.8431613445281982,-0.3215835094451904,-0.7763403058052063,"{'alpha': 0.01, 'copy_X': True, 'fit_intercept': True, 'l1_ratio': 0.15, 'max_iter': 5000, 'positive': False, 'precompute': False, 'random_state': 265814, 'selection': 'cyclic', 'tol': 0.0001, 'warm_start': False}",,,,,,,,,,,,,
murcko_gnn,ridge,External,not_all6_bad,10,elastic_alpha_0.01_l1_0.15,,,,,,,,,1.0551143206446951,1.4205324311144396,1995,0.9922325844921934,0.7681318521499634,0.718745231628418,-0.0103969490155577,"{'alpha': 0.01, 'copy_X': True, 'fit_intercept': True, 'l1_ratio': 0.15, 'max_iter': 5000, 'positive': False, 'precompute': False, 'random_state': 265814, 'selection': 'cyclic', 'tol': 0.0001, 'warm_start': False}",,,,,,,,,,,,,
murcko_gnn,knn_svm,Train,all,4,KNeighborsRegressor,,,,,,,,,0.9981437106304868,1.4240213696786106,6437,0.1203625377111574,0.0335583430821696,0.9972812222787848,-8.75233960172328e-05,,,,,,,,,,,sklearn_knn,10.0,distance,euclidean
murcko_gnn,knn_svm,Train,not_all6_bad,4,KNeighborsRegressor,,,,,,,,,0.9981437106304868,1.4240213696786106,6437,0.1203625377111574,0.0335583430821696,0.9972812222787848,-8.75233960172328e-05,,,,,,,,,,,sklearn_knn,10.0,distance,euclidean
murcko_gnn,knn_svm,Val,all,4,KNeighborsRegressor,,,,,,,,,0.9981437106304868,1.4240213696786106,1610,0.9981437106304868,0.7113628958587003,0.8122269432000636,-0.0145351305424136,,,,,,,,,,,sklearn_knn,10.0,distance,euclidean
murcko_gnn,knn_svm,Val,all6_bad,4,KNeighborsRegressor,,,,,,,,,0.9981437106304868,1.4240213696786106,74,2.4491474105008058,2.168429156451708,0.4198067511634618,-0.314412017882745,,,,,,,,,,,sklearn_knn,10.0,distance,euclidean
murcko_gnn,knn_svm,Val,not_all6_bad,4,KNeighborsRegressor,,,,,,,,,0.9981437106304868,1.4240213696786106,1536,0.8690843148503297,0.6411656931999224,0.8507176012522674,-8.793675127786195e-05,,,,,,,,,,,sklearn_knn,10.0,distance,euclidean
murcko_gnn,knn_svm,External,all,4,KNeighborsRegressor,,,,,,,,,0.9981437106304868,1.4240213696786106,2251,1.4240213696786106,0.9315791742417028,0.4913973047172482,-0.0675779429967945,,,,,,,,,,,sklearn_knn,10.0,distance,euclidean
murcko_gnn,knn_svm,External,all6_bad,4,KNeighborsRegressor,,,,,,,,,0.9981437106304868,1.4240213696786106,256,3.2856794325401664,2.896341752177596,-0.4166729806859186,-0.8032424815354101,,,,,,,,,,,sklearn_knn,10.0,distance,euclidean
murcko_gnn,knn_svm,External,not_all6_bad,4,KNeighborsRegressor,,,,,,,,,0.9981437106304868,1.4240213696786106,1995,0.9501257812614992,0.679459264491533,0.7421095983444064,0.026823120595128,,,,,,,,,,,sklearn_knn,10.0,distance,euclidean
three_d_gnn,xgb,Train,all,5,XGBRegressor,800.0,5.0,0.0736190868509173,0.7,1.0,1.0,0.0001,0.5,0.850879185051655,1.3645061684647606,6437,0.1423895974236754,0.0769364461302757,0.9961950778961182,7.024921615084168e-06,,,,,,,,,,,,,,
three_d_gnn,xgb,Train,not_all6_bad,5,XGBRegressor,800.0,5.0,0.0736190868509173,0.7,1.0,1.0,0.0001,0.5,0.850879185051655,1.3645061684647606,6437,0.1423895974236754,0.0769364461302757,0.9961950778961182,7.024921615084168e-06,,,,,,,,,,,,,,
three_d_gnn,xgb,Val,all,5,XGBRegressor,800.0,5.0,0.0736190868509173,0.7,1.0,1.0,0.0001,0.5,0.850879185051655,1.3645061684647606,1610,0.850879185051655,0.590959370136261,0.8635470271110535,-0.0127996066585183,,,,,,,,,,,,,,
three_d_gnn,xgb,Val,all6_bad,5,XGBRegressor,800.0,5.0,0.0736190868509173,0.7,1.0,1.0,0.0001,0.5,0.850879185051655,1.3645061684647606,74,2.381618613400568,2.159104585647583,0.4513602256774902,-0.2870171666145324,,,,,,,,,,,,,,
three_d_gnn,xgb,Val,not_all6_bad,5,XGBRegressor,800.0,5.0,0.0736190868509173,0.7,1.0,1.0,0.0001,0.5,0.850879185051655,1.3645061684647606,1536,0.6968570655601958,0.5154107213020325,0.9040218591690063,0.0004113974573556,,,,,,,,,,,,,,
three_d_gnn,xgb,External,all,5,XGBRegressor,800.0,5.0,0.0736190868509173,0.7,1.0,1.0,0.0001,0.5,0.850879185051655,1.3645061684647606,2251,1.3645061684647606,0.9165589213371276,0.5330217480659485,-0.2201093882322311,,,,,,,,,,,,,,
three_d_gnn,xgb,External,all6_bad,5,XGBRegressor,800.0,5.0,0.0736190868509173,0.7,1.0,1.0,0.0001,0.5,0.850879185051655,1.3645061684647606,256,3.112345134758355,2.817653179168701,-0.2711439132690429,-0.830329179763794,,,,,,,,,,,,,,
three_d_gnn,xgb,External,not_all6_bad,5,XGBRegressor,800.0,5.0,0.0736190868509173,0.7,1.0,1.0,0.0001,0.5,0.850879185051655,1.3645061684647606,1995,0.9261698490733654,0.6726089119911194,0.7549502849578857,-0.141805499792099,,,,,,,,,,,,,,
three_d_gnn,rf,Train,all,4,ExtraTreesRegressor,,,,,,,,,0.8746076969497067,1.372309332515728,6437,0.1844445623810794,0.0853777825628686,0.9936155609759646,1.3839412070207015e-16,"{'bootstrap': False, 'ccp_alpha': 0.0, 'criterion': 'squared_error', 'max_depth': None, 'max_features': 0.7, 'max_leaf_nodes': None, 'max_samples': None, 'min_impurity_decrease': 0.0, 'min_samples_leaf': 4, 'min_samples_split': 2, 'min_weight_fraction_leaf': 0.0, 'monotonic_cst': None, 'n_estimators': 600, 'n_jobs': -1, 'oob_score': False, 'random_state': 260839, 'verbose': 0, 'warm_start': False}",,,,,,,,,,,,,
three_d_gnn,rf,Train,not_all6_bad,4,ExtraTreesRegressor,,,,,,,,,0.8746076969497067,1.372309332515728,6437,0.1844445623810794,0.0853777825628686,0.9936155609759646,1.3839412070207015e-16,"{'bootstrap': False, 'ccp_alpha': 0.0, 'criterion': 'squared_error', 'max_depth': None, 'max_features': 0.7, 'max_leaf_nodes': None, 'max_samples': None, 'min_impurity_decrease': 0.0, 'min_samples_leaf': 4, 'min_samples_split': 2, 'min_weight_fraction_leaf': 0.0, 'monotonic_cst': None, 'n_estimators': 600, 'n_jobs': -1, 'oob_score': False, 'random_state': 260839, 'verbose': 0, 'warm_start': False}",,,,,,,,,,,,,
three_d_gnn,rf,Val,all,4,ExtraTreesRegressor,,,,,,,,,0.8746076969497067,1.372309332515728,1610,0.8746076969497067,0.6076415418966337,0.8558303921493022,-0.0086881005915098,"{'bootstrap': False, 'ccp_alpha': 0.0, 'criterion': 'squared_error', 'max_depth': None, 'max_features': 0.7, 'max_leaf_nodes': None, 'max_samples': None, 'min_impurity_decrease': 0.0, 'min_samples_leaf': 4, 'min_samples_split': 2, 'min_weight_fraction_leaf': 0.0, 'monotonic_cst': None, 'n_estimators': 600, 'n_jobs': -1, 'oob_score': False, 'random_state': 260839, 'verbose': 0, 'warm_start': False}",,,,,,,,,,,,,
three_d_gnn,rf,Val,all6_bad,4,ExtraTreesRegressor,,,,,,,,,0.8746076969497067,1.372309332515728,74,2.438361422471946,2.180739893506243,0.4249058133598528,-0.2893864207727615,"{'bootstrap': False, 'ccp_alpha': 0.0, 'criterion': 'squared_error', 'max_depth': None, 'max_features': 0.7, 'max_leaf_nodes': None, 'max_samples': None, 'min_impurity_decrease': 0.0, 'min_samples_leaf': 4, 'min_samples_split': 2, 'min_weight_fraction_leaf': 0.0, 'monotonic_cst': None, 'n_estimators': 600, 'n_jobs': -1, 'oob_score': False, 'random_state': 260839, 'verbose': 0, 'warm_start': False}",,,,,,,,,,,,,
three_d_gnn,rf,Val,not_all6_bad,4,ExtraTreesRegressor,,,,,,,,,0.8746076969497067,1.372309332515728,1536,0.7178782341696259,0.5318542515196081,0.8981440619292113,0.004835125771389,"{'bootstrap': False, 'ccp_alpha': 0.0, 'criterion': 'squared_error', 'max_depth': None, 'max_features': 0.7, 'max_leaf_nodes': None, 'max_samples': None, 'min_impurity_decrease': 0.0, 'min_samples_leaf': 4, 'min_samples_split': 2, 'min_weight_fraction_leaf': 0.0, 'monotonic_cst': None, 'n_estimators': 600, 'n_jobs': -1, 'oob_score': False, 'random_state': 260839, 'verbose': 0, 'warm_start': False}",,,,,,,,,,,,,
three_d_gnn,rf,External,all,4,ExtraTreesRegressor,,,,,,,,,0.8746076969497067,1.372309332515728,2251,1.372309332515728,0.9280638360439089,0.5276654896880024,-0.2207861919344408,"{'bootstrap': False, 'ccp_alpha': 0.0, 'criterion': 'squared_error', 'max_depth': None, 'max_features': 0.7, 'max_leaf_nodes': None, 'max_samples': None, 'min_impurity_decrease': 0.0, 'min_samples_leaf': 4, 'min_samples_split': 2, 'min_weight_fraction_leaf': 0.0, 'monotonic_cst': None, 'n_estimators': 600, 'n_jobs': -1, 'oob_score': False, 'random_state': 260839, 'verbose': 0, 'warm_start': False}",,,,,,,,,,,,,
three_d_gnn,rf,External,all6_bad,4,ExtraTreesRegressor,,,,,,,,,0.8746076969497067,1.372309332515728,256,3.0691591021621285,2.7797335792393256,-0.2361126115224843,-0.8076005937295023,"{'bootstrap': False, 'ccp_alpha': 0.0, 'criterion': 'squared_error', 'max_depth': None, 'max_features': 0.7, 'max_leaf_nodes': None, 'max_samples': None, 'min_impurity_decrease': 0.0, 'min_samples_leaf': 4, 'min_samples_split': 2, 'min_weight_fraction_leaf': 0.0, 'monotonic_cst': None, 'n_estimators': 600, 'n_jobs': -1, 'oob_score': False, 'random_state': 260839, 'verbose': 0, 'warm_start': False}",,,,,,,,,,,,,
three_d_gnn,rf,External,not_all6_bad,4,ExtraTreesRegressor,,,,,,,,,0.8746076969497067,1.372309332515728,1995,0.9571533722132268,0.6904560895486574,0.7382805247790079,-0.1454856972680069,"{'bootstrap': False, 'ccp_alpha': 0.0, 'criterion': 'squared_error', 'max_depth': None, 'max_features': 0.7, 'max_leaf_nodes': None, 'max_samples': None, 'min_impurity_decrease': 0.0, 'min_samples_leaf': 4, 'min_samples_split': 2, 'min_weight_fraction_leaf': 0.0, 'monotonic_cst': None, 'n_estimators': 600, 'n_jobs': -1, 'oob_score': False, 'random_state': 260839, 'verbose': 0, 'warm_start': False}",,,,,,,,,,,,,
three_d_gnn,mlp,Train,all,6,TorchMLP,,,,,,,,,0.8442775701732157,1.351604527167319,6437,0.2963546534480079,0.2009134888648986,0.9835178256034852,-0.0101216211915016,,128.0,1.0,0.2,0.0009587143682407,1.8848509167133972e-06,128.0,220.0,152.0,cuda:0,,,,
three_d_gnn,mlp,Train,not_all6_bad,6,TorchMLP,,,,,,,,,0.8442775701732157,1.351604527167319,6437,0.2963546534480079,0.2009134888648986,0.9835178256034852,-0.0101216211915016,,128.0,1.0,0.2,0.0009587143682407,1.8848509167133972e-06,128.0,220.0,152.0,cuda:0,,,,
three_d_gnn,mlp,Val,all,6,TorchMLP,,,,,,,,,0.8442775701732157,1.351604527167319,1610,0.8442775701732157,0.5908972024917603,0.8656561970710754,-0.0134273460134863,,128.0,1.0,0.2,0.0009587143682407,1.8848509167133972e-06,128.0,220.0,152.0,cuda:0,,,,
three_d_gnn,mlp,Val,all6_bad,6,TorchMLP,,,,,,,,,0.8442775701732157,1.351604527167319,74,2.3539132063364376,2.149585008621216,0.4640506505966186,-0.250186562538147,,128.0,1.0,0.2,0.0009587143682407,1.8848509167133972e-06,128.0,220.0,152.0,cuda:0,,,,
three_d_gnn,mlp,Val,not_all6_bad,6,TorchMLP,,,,,,,,,0.8442775701732157,1.351604527167319,1536,0.6929651993549819,0.5158041715621948,0.9050909280776978,-0.0020209748763591,,128.0,1.0,0.2,0.0009587143682407,1.8848509167133972e-06,128.0,220.0,152.0,cuda:0,,,,
three_d_gnn,mlp,External,all,6,TorchMLP,,,,,,,,,0.8442775701732157,1.351604527167319,2251,1.351604527167319,0.9056354761123656,0.5418107509613037,-0.2181503027677536,,128.0,1.0,0.2,0.0009587143682407,1.8848509167133972e-06,128.0,220.0,152.0,cuda:0,,,,
three_d_gnn,mlp,External,all6_bad,6,TorchMLP,,,,,,,,,0.8442775701732157,1.351604527167319,256,3.11530784592045,2.83126163482666,-0.2735651731491089,-0.8375737071037292,,128.0,1.0,0.2,0.0009587143682407,1.8848509167133972e-06,128.0,220.0,152.0,cuda:0,,,,
three_d_gnn,mlp,External,not_all6_bad,6,TorchMLP,,,,,,,,,0.8442775701732157,1.351604527167319,1995,0.9032630036191688,0.6585375666618347,0.7669219374656677,-0.1386653929948806,,128.0,1.0,0.2,0.0009587143682407,1.8848509167133972e-06,128.0,220.0,152.0,cuda:0,,,,
three_d_gnn,ridge,Train,all,0,ridge_alpha_0.01,,,,,,,,,0.9583908388603494,1.4248644245637727,6437,0.5893990564543928,0.436562567949295,0.9348056316375732,1.3221359722592751e-06,"{'alpha': 0.01, 'copy_X': True, 'fit_intercept': True, 'max_iter': None, 'positive': False, 'random_state': None, 'solver': 'auto', 'tol': 0.0001}",,,,,,,,,,,,,
three_d_gnn,ridge,Train,not_all6_bad,0,ridge_alpha_0.01,,,,,,,,,0.9583908388603494,1.4248644245637727,6437,0.5893990564543928,0.436562567949295,0.9348056316375732,1.3221359722592751e-06,"{'alpha': 0.01, 'copy_X': True, 'fit_intercept': True, 'max_iter': None, 'positive': False, 'random_state': None, 'solver': 'auto', 'tol': 0.0001}",,,,,,,,,,,,,
three_d_gnn,ridge,Val,all,0,ridge_alpha_0.01,,,,,,,,,0.9583908388603494,1.4248644245637727,1610,0.9583908388603494,0.7035143971443176,0.8268858790397644,-0.0188089944422245,"{'alpha': 0.01, 'copy_X': True, 'fit_intercept': True, 'max_iter': None, 'positive': False, 'random_state': None, 'solver': 'auto', 'tol': 0.0001}",,,,,,,,,,,,,
three_d_gnn,ridge,Val,all6_bad,0,ridge_alpha_0.01,,,,,,,,,0.9583908388603494,1.4248644245637727,74,2.386135098631957,2.1294198036193848,0.449277400970459,-0.2255929708480835,"{'alpha': 0.01, 'copy_X': True, 'fit_intercept': True, 'max_iter': None, 'positive': False, 'random_state': None, 'solver': 'auto', 'tol': 0.0001}",,,,,,,,,,,,,
three_d_gnn,ridge,Val,not_all6_bad,0,ridge_alpha_0.01,,,,,,,,,0.9583908388603494,1.4248644245637727,1536,0.8297356471228007,0.6348184943199158,0.8639293909072876,-0.0088467448949813,"{'alpha': 0.01, 'copy_X': True, 'fit_intercept': True, 'max_iter': None, 'positive': False, 'random_state': None, 'solver': 'auto', 'tol': 0.0001}",,,,,,,,,,,,,
three_d_gnn,ridge,External,all,0,ridge_alpha_0.01,,,,,,,,,0.9583908388603494,1.4248644245637727,2251,1.4248644245637727,1.0073232650756836,0.4907948970794678,-0.2357169538736343,"{'alpha': 0.01, 'copy_X': True, 'fit_intercept': True, 'max_iter': None, 'positive': False, 'random_state': None, 'solver': 'auto', 'tol': 0.0001}",,,,,,,,,,,,,
three_d_gnn,ridge,External,all6_bad,0,ridge_alpha_0.01,,,,,,,,,0.9583908388603494,1.4248644245637727,256,3.0897153497341487,2.774379253387451,-0.2527261972427368,-0.8189687132835388,"{'alpha': 0.01, 'copy_X': True, 'fit_intercept': True, 'max_iter': None, 'positive': False, 'random_state': None, 'solver': 'auto', 'tol': 0.0001}",,,,,,,,,,,,,
three_d_gnn,ridge,External,not_all6_bad,0,ridge_alpha_0.01,,,,,,,,,0.9583908388603494,1.4248644245637727,1995,1.0323595955546163,0.7805730700492859,0.6955366730690002,-0.1608736366033554,"{'alpha': 0.01, 'copy_X': True, 'fit_intercept': True, 'max_iter': None, 'positive': False, 'random_state': None, 'solver': 'auto', 'tol': 0.0001}",,,,,,,,,,,,,
three_d_gnn,knn_svm,Train,all,4,KNeighborsRegressor,,,,,,,,,0.927956922252096,1.4614076871582755,6437,0.1069413914895578,0.0033537488459378,0.9978537382176164,-8.302862720338053e-08,,,,,,,,,,,sklearn_knn,10.0,distance,euclidean
three_d_gnn,knn_svm,Train,not_all6_bad,4,KNeighborsRegressor,,,,,,,,,0.927956922252096,1.4614076871582755,6437,0.1069413914895578,0.0033537488459378,0.9978537382176164,-8.302862720338053e-08,,,,,,,,,,,sklearn_knn,10.0,distance,euclidean
three_d_gnn,knn_svm,Val,all,4,KNeighborsRegressor,,,,,,,,,0.927956922252096,1.4614076871582755,1610,0.927956922252096,0.6558763952613392,0.8377058899644607,-0.0916273183803911,,,,,,,,,,,sklearn_knn,10.0,distance,euclidean
three_d_gnn,knn_svm,Val,all6_bad,4,KNeighborsRegressor,,,,,,,,,0.927956922252096,1.4614076871582755,74,2.443797468782364,2.1381636150337364,0.4223387423774334,-0.3347413075683636,,,,,,,,,,,sklearn_knn,10.0,distance,euclidean
three_d_gnn,knn_svm,Val,not_all6_bad,4,KNeighborsRegressor,,,,,,,,,0.927956922252096,1.4614076871582755,1536,0.7841357996496793,0.5844641203504294,0.8784745200004389,-0.079914795463783,,,,,,,,,,,sklearn_knn,10.0,distance,euclidean
three_d_gnn,knn_svm,External,all,4,KNeighborsRegressor,,,,,,,,,0.927956922252096,1.4614076871582755,2251,1.4614076871582755,0.9945672644954276,0.4643409842269186,-0.2932187949604393,,,,,,,,,,,sklearn_knn,10.0,distance,euclidean
three_d_gnn,knn_svm,External,all6_bad,4,KNeighborsRegressor,,,,,,,,,0.927956922252096,1.4614076871582755,256,3.205467740262078,2.8707091491665944,-0.3483481809361592,-0.8930777610145757,,,,,,,,,,,sklearn_knn,10.0,distance,euclidean
three_d_gnn,knn_svm,External,not_all6_bad,4,KNeighborsRegressor,,,,,,,,,0.927956922252096,1.4614076871582755,1995,1.0446384599735703,0.7538192331792276,0.6882510529502739,-0.2162444113464748,,,,,,,,,,,sklearn_knn,10.0,distance,euclidean
