evaluation_id,evaluation,candidate_count_in_evaluation,representation,predictor,n,rmse,mae,bias
R01,AqSolDBc development OOF,35,Mordred,XGBoost,8047,0.9129634181144871,0.65496105121956,0.0005263281716913154
R01,AqSolDBc development OOF,35,Mordred,random forest,8047,0.8790364743967394,0.6070652410123285,-0.0037330717544165667
R01,AqSolDBc development OOF,35,Mordred,multilayer perceptron,8047,0.934566625371824,0.6502549545917534,0.026449699322733933
R01,AqSolDBc development OOF,35,Mordred,ridge regression,8047,1.0130078628920993,0.7137163341251026,0.003203983644824167
R01,AqSolDBc development OOF,35,Mordred,k-nearest neighbours,8047,1.0498778738014352,0.7448832639007386,-0.01400646012160383
R01,AqSolDBc development OOF,35,ECFP,XGBoost,8047,1.4830447062780092,1.1349991098053311,0.004834896717671192
R01,AqSolDBc development OOF,35,ECFP,random forest,8047,1.2809474378191186,0.9275470766359116,0.034965070795298
R01,AqSolDBc development OOF,35,ECFP,multilayer perceptron,8047,1.2408443819130752,0.8972787613118902,0.06485836234785883
R01,AqSolDBc development OOF,35,ECFP,ridge regression,8047,1.3557378934656268,1.0170373712692555,0.004880633405530016
R01,AqSolDBc development OOF,35,ECFP,k-nearest neighbours,8047,1.3730672285458396,0.9967123863087876,0.010107174773111523
R01,AqSolDBc development OOF,35,ChemBERTa,XGBoost,8047,0.9070901046697795,0.6420767928774078,0.00700832481629179
R01,AqSolDBc development OOF,35,ChemBERTa,random forest,8047,0.891866480869482,0.627882799357768,0.00509640892287306
R01,AqSolDBc development OOF,35,ChemBERTa,multilayer perceptron,8047,0.9236366543760124,0.6557592217056036,0.021667230519809746
R01,AqSolDBc development OOF,35,ChemBERTa,ridge regression,8047,0.8939531754525447,0.6284118859661241,0.00506557796773953
R01,AqSolDBc development OOF,35,ChemBERTa,k-nearest neighbours,8047,0.9198742884424999,0.6549835904855347,0.025708909758920827
R01,AqSolDBc development OOF,35,3D-MPNN,XGBoost,8047,1.1078126125384038,0.8060422427552181,-0.004750295500936991
R01,AqSolDBc development OOF,35,3D-MPNN,random forest,8047,1.099221335209815,0.7893189350664311,-0.02690655849229462
R01,AqSolDBc development OOF,35,3D-MPNN,multilayer perceptron,8047,1.0427729353467035,0.7425748629465515,-0.015069158742177206
R01,AqSolDBc development OOF,35,3D-MPNN,ridge regression,8047,1.0917515511910354,0.7959056053758667,-0.004886513779048092
R01,AqSolDBc development OOF,35,3D-MPNN,k-nearest neighbours,8047,1.14325584651791,0.8199153860152635,-0.12113723668112057
R01,AqSolDBc development OOF,35,atom-level 2D GNN,XGBoost,8047,0.925004296416681,0.6505729101973158,-0.0015593938378277595
R01,AqSolDBc development OOF,35,atom-level 2D GNN,random forest,8047,0.9171849401014475,0.6355782552723582,-0.007289059287609599
R01,AqSolDBc development OOF,35,atom-level 2D GNN,multilayer perceptron,8047,0.9776230478956863,0.6543865614238573,0.009337158350100664
R01,AqSolDBc development OOF,35,atom-level 2D GNN,ridge regression,8047,0.9542666403997775,0.6519989382826878,-0.008379195014886293
R01,AqSolDBc development OOF,35,atom-level 2D GNN,k-nearest neighbours,8047,0.9219735013538941,0.6464217880502575,0.007243853280632
R01,AqSolDBc development OOF,35,BRICS-subgroup GNN,XGBoost,8047,1.0022345746946548,0.7111101641798062,0.0014337331916117815
R01,AqSolDBc development OOF,35,BRICS-subgroup GNN,random forest,8047,0.9950110335278144,0.6943578119919224,-0.0027963922946680356
R01,AqSolDBc development OOF,35,BRICS-subgroup GNN,multilayer perceptron,8047,1.0143982629772317,0.7192870590065118,0.0014605754215235532
R01,AqSolDBc development OOF,35,BRICS-subgroup GNN,ridge regression,8047,1.009929239214083,0.7196740311270162,0.0015865469697899863
R01,AqSolDBc development OOF,35,BRICS-subgroup GNN,k-nearest neighbours,8047,1.0062692765141323,0.7015579877848583,0.01347854384101236
R01,AqSolDBc development OOF,35,Murcko-subgroup GNN,XGBoost,8047,0.9912898949613418,0.7151349938347583,0.005556714665751209
R01,AqSolDBc development OOF,35,Murcko-subgroup GNN,random forest,8047,0.9756460623251623,0.6929390928881448,0.0039356198334747705
R01,AqSolDBc development OOF,35,Murcko-subgroup GNN,multilayer perceptron,8047,0.9997349224746414,0.7183029307026123,0.005578548383631168
R01,AqSolDBc development OOF,35,Murcko-subgroup GNN,ridge regression,8047,0.9936220555758983,0.7171363017340002,0.004039864591437806
R01,AqSolDBc development OOF,35,Murcko-subgroup GNN,k-nearest neighbours,8047,0.9866385320126567,0.69474745356326,0.01379319166866608
R02,ComPlat OOF after global preselection,35,Mordred,XGBoost,17937,1.0150626968491487,0.7098210206934431,0.00047020616182806086
R02,ComPlat OOF after global preselection,35,Mordred,random forest,17937,0.9504379383191723,0.6268767186636218,-0.0008591666639690292
R02,ComPlat OOF after global preselection,35,Mordred,multilayer perceptron,17937,0.9914630999912281,0.6657566041605429,0.004132577967603279
R02,ComPlat OOF after global preselection,35,Mordred,ridge regression,17937,1.048485323206524,0.7254397654674215,-0.0001348067303640557
R02,ComPlat OOF after global preselection,35,Mordred,k-nearest neighbours,17937,1.075684557147789,0.7491005140987888,0.035389409779418055
R02,ComPlat OOF after global preselection,35,ECFP,XGBoost,17937,1.5697256947760676,1.188331379476462,0.006349757408412777
R02,ComPlat OOF after global preselection,35,ECFP,random forest,17937,1.345235948157794,0.9408775301923152,0.07233416358453192
R02,ComPlat OOF after global preselection,35,ECFP,multilayer perceptron,17937,1.2533550957820045,0.8796946975306534,0.021390134733613765
R02,ComPlat OOF after global preselection,35,ECFP,ridge regression,17937,1.3760162540886367,1.004154544935178,0.004098348252816518
R02,ComPlat OOF after global preselection,35,ECFP,k-nearest neighbours,17937,1.3967231199552443,0.9990085356427639,0.04091130664148626
R02,ComPlat OOF after global preselection,35,ChemBERTa,XGBoost,17937,1.0078817557425863,0.6878133424195919,0.0018796741388604587
R02,ComPlat OOF after global preselection,35,ChemBERTa,random forest,17937,0.975821865349976,0.6531751028313447,0.0005290681034921565
R02,ComPlat OOF after global preselection,35,ChemBERTa,multilayer perceptron,17937,1.0127040412735857,0.6920051293255489,0.005852327266962702
R02,ComPlat OOF after global preselection,35,ChemBERTa,ridge regression,17937,0.9910818815317055,0.6666894047316312,0.0030131540511495717
R02,ComPlat OOF after global preselection,35,ChemBERTa,k-nearest neighbours,17937,1.0171509911793022,0.699400451268682,0.013149093648036493
R02,ComPlat OOF after global preselection,35,3D-MPNN,XGBoost,17937,1.3958091277938822,1.0115452714586999,-0.009306246962317945
R02,ComPlat OOF after global preselection,35,3D-MPNN,random forest,17937,1.3514878718480738,0.9630123045549832,-0.05534892006717377
R02,ComPlat OOF after global preselection,35,3D-MPNN,multilayer perceptron,17937,1.283572922160637,0.9093069079331791,-0.0067672890768040355
R02,ComPlat OOF after global preselection,35,3D-MPNN,ridge regression,17937,1.3593850055902539,0.992250341470436,-0.010209954902566206
R02,ComPlat OOF after global preselection,35,3D-MPNN,k-nearest neighbours,17937,1.4006183019631593,1.0067476884477828,-0.2322985872994976
R02,ComPlat OOF after global preselection,35,atom-level 2D GNN,XGBoost,17937,1.1114998752204093,0.7685656108429422,0.0010464804946560156
R02,ComPlat OOF after global preselection,35,atom-level 2D GNN,random forest,17937,1.090037744793342,0.740275832968219,-0.005900715691003057
R02,ComPlat OOF after global preselection,35,atom-level 2D GNN,multilayer perceptron,17937,1.096254384693879,0.7465839216723622,0.007827146921315607
R02,ComPlat OOF after global preselection,35,atom-level 2D GNN,ridge regression,17937,1.1131064367421273,0.7662815510250945,-0.0024147423896459857
R02,ComPlat OOF after global preselection,35,atom-level 2D GNN,k-nearest neighbours,17937,1.105131472505043,0.7582157066934186,-0.010022484665119522
R02,ComPlat OOF after global preselection,35,BRICS-subgroup GNN,XGBoost,17937,1.0796161506945543,0.7487724602731454,0.0006829349470987334
R02,ComPlat OOF after global preselection,35,BRICS-subgroup GNN,random forest,17937,1.0669674882468627,0.7263413496844792,-0.003938783689745636
R02,ComPlat OOF after global preselection,35,BRICS-subgroup GNN,multilayer perceptron,17937,1.0836553052373976,0.7420957900355425,-0.0077655154740131575
R02,ComPlat OOF after global preselection,35,BRICS-subgroup GNN,ridge regression,17937,1.0852917799075215,0.7501788966137017,7.194953899370215e-05
R02,ComPlat OOF after global preselection,35,BRICS-subgroup GNN,k-nearest neighbours,17937,1.0615230177577344,0.7177810892419811,-0.006121887091866393
R02,ComPlat OOF after global preselection,35,Murcko-subgroup GNN,XGBoost,17937,1.1075270346852015,0.7717127889827073,0.001008718752929708
R02,ComPlat OOF after global preselection,35,Murcko-subgroup GNN,random forest,17937,1.0933921801816289,0.7478866492344716,-0.0013170146091880596
R02,ComPlat OOF after global preselection,35,Murcko-subgroup GNN,multilayer perceptron,17937,1.105288440087043,0.766334634908071,-0.0033025285617098716
R02,ComPlat OOF after global preselection,35,Murcko-subgroup GNN,ridge regression,17937,1.1079265414411146,0.773017388465284,0.0013467919875675904
R02,ComPlat OOF after global preselection,35,Murcko-subgroup GNN,k-nearest neighbours,17937,1.1010203293023508,0.7417010805591794,-0.0007309613354699211
R03,TDC OOF,35,Mordred,XGBoost,7985,1.0888795091316947,0.7429491182529869,-0.005207691248353156
R03,TDC OOF,35,Mordred,random forest,7985,1.0746973371883155,0.7005561145114392,-0.005280794785417265
R03,TDC OOF,35,Mordred,multilayer perceptron,7985,1.1437391726382506,0.7638171233507952,-0.009788747958960552
R03,TDC OOF,35,Mordred,ridge regression,7985,1.1845621584484152,0.8173831593673764,0.0012844608679298635
R03,TDC OOF,35,Mordred,k-nearest neighbours,7985,1.2408440229401367,0.8441554700682625,0.0018880407331930843
R03,TDC OOF,35,ECFP,XGBoost,7985,1.5848234387121096,1.2045678754114904,0.004488171837213534
R03,TDC OOF,35,ECFP,random forest,7985,1.3625581424118274,0.967538641135072,0.04641964820116399
R03,TDC OOF,35,ECFP,multilayer perceptron,7985,1.3714282086189546,0.9801669978747778,0.06093139123051222
R03,TDC OOF,35,ECFP,ridge regression,7985,1.4734037816346357,1.096429783020288,0.0001176461272886727
R03,TDC OOF,35,ECFP,k-nearest neighbours,7985,1.4874590619866759,1.053272035252105,0.019359667432373565
R03,TDC OOF,35,ChemBERTa,XGBoost,7985,1.0860256187820885,0.740816410209573,0.008400534910877895
R03,TDC OOF,35,ChemBERTa,random forest,7985,1.0793992374640629,0.7296658545477624,0.004570232626501427
R03,TDC OOF,35,ChemBERTa,multilayer perceptron,7985,1.1030286492793926,0.7536540809171921,-0.003033599619859726
R03,TDC OOF,35,ChemBERTa,ridge regression,7985,1.0818864564509854,0.7336677044543444,0.0031548544770369463
R03,TDC OOF,35,ChemBERTa,k-nearest neighbours,7985,1.0981317808762865,0.7562103510658166,0.024277365220355823
R03,TDC OOF,35,3D-MPNN,XGBoost,7985,1.2757169329528948,0.8837373155708791,-0.0049718984843293585
R03,TDC OOF,35,3D-MPNN,random forest,7985,1.2608199417468269,0.8579717735062927,-0.015267014617070059
R03,TDC OOF,35,3D-MPNN,multilayer perceptron,7985,1.2407258545379267,0.8365794127195993,0.001835104529317475
R03,TDC OOF,35,3D-MPNN,ridge regression,7985,1.280088770417611,0.8849740505453776,-0.000594174936726356
R03,TDC OOF,35,3D-MPNN,k-nearest neighbours,7985,1.3044839418341894,0.8962321971031599,-0.09540772250365205
R03,TDC OOF,35,atom-level 2D GNN,XGBoost,7985,1.092876694209716,0.7391918447319499,-0.002134068376333123
R03,TDC OOF,35,atom-level 2D GNN,random forest,7985,1.0716667368407449,0.7092881538081188,-0.005113140003083877
R03,TDC OOF,35,atom-level 2D GNN,multilayer perceptron,7985,1.0995014880164502,0.7392454423144146,0.0047968526668503465
R03,TDC OOF,35,atom-level 2D GNN,ridge regression,7985,1.097329677756828,0.7434817008700438,0.00038994648902942927
R03,TDC OOF,35,atom-level 2D GNN,k-nearest neighbours,7985,1.0841002121805534,0.7267774300743024,0.004879226914391149
R03,TDC OOF,35,BRICS-subgroup GNN,XGBoost,7985,1.077089579354084,0.7621784074065373,0.006652977714264254
R03,TDC OOF,35,BRICS-subgroup GNN,random forest,7985,1.0645826494735942,0.7368762613266874,0.004233477134113626
R03,TDC OOF,35,BRICS-subgroup GNN,multilayer perceptron,7985,1.073568999087231,0.7552804801513464,0.007755233874702571
R03,TDC OOF,35,BRICS-subgroup GNN,ridge regression,7985,1.0781495039484414,0.7644500779936694,-0.00011597031509704882
R03,TDC OOF,35,BRICS-subgroup GNN,k-nearest neighbours,7985,1.0892421293059702,0.7621629891538872,0.01460234268098785
R03,TDC OOF,35,Murcko-subgroup GNN,XGBoost,7985,1.1471828361397296,0.8067019134881653,0.002938935558747652
R03,TDC OOF,35,Murcko-subgroup GNN,random forest,7985,1.1274902461247116,0.7774528674152414,0.002020893964184143
R03,TDC OOF,35,Murcko-subgroup GNN,multilayer perceptron,7985,1.1624062301946636,0.8100324234271459,0.020435673644819033
R03,TDC OOF,35,Murcko-subgroup GNN,ridge regression,7985,1.1676314001549415,0.8131160078182981,0.0014868463609630522
R03,TDC OOF,35,Murcko-subgroup GNN,k-nearest neighbours,7985,1.1392013550496292,0.7782276033345061,0.019621249832607168
R04,TDC supplied test,35,Mordred,XGBoost,1997,1.1414435212879053,0.8334876579285397,0.012212134280373531
R04,TDC supplied test,35,Mordred,random forest,1997,1.1267514682341997,0.8144718932107348,-0.008552708177526758
R04,TDC supplied test,35,Mordred,multilayer perceptron,1997,1.1151150645948762,0.8028684518531798,0.03243564158255381
R04,TDC supplied test,35,Mordred,ridge regression,1997,1.2242548929095654,0.8755588350290636,0.031585098543354985
R04,TDC supplied test,35,Mordred,k-nearest neighbours,1997,1.3184624119259745,0.9769768295883405,0.04145175652668635
R04,TDC supplied test,35,ECFP,XGBoost,1997,1.728308149793083,1.3755877759311919,0.26957971277626935
R04,TDC supplied test,35,ECFP,random forest,1997,1.7014357821502915,1.3456183975104987,0.30128196289628495
R04,TDC supplied test,35,ECFP,multilayer perceptron,1997,1.493845185682148,1.1588883929868201,0.2869813209379669
R04,TDC supplied test,35,ECFP,ridge regression,1997,1.640694916958703,1.2862488820822833,0.14432131574798196
R04,TDC supplied test,35,ECFP,k-nearest neighbours,1997,1.7200894798269142,1.3496383937404843,0.288354426565615
R04,TDC supplied test,35,ChemBERTa,XGBoost,1997,1.10774137395875,0.8050885611260991,0.05788951678424634
R04,TDC supplied test,35,ChemBERTa,random forest,1997,1.1005761382812573,0.7972421208645025,0.037546044752780304
R04,TDC supplied test,35,ChemBERTa,multilayer perceptron,1997,1.0953978212259297,0.7908281921054662,0.03749502774236153
R04,TDC supplied test,35,ChemBERTa,ridge regression,1997,1.0836196105766849,0.7839307551372459,0.056322439115873785
R04,TDC supplied test,35,ChemBERTa,k-nearest neighbours,1997,1.1401399649379769,0.8349479909591587,0.06735685315647581
R04,TDC supplied test,35,3D-MPNN,XGBoost,1997,1.2528601315406656,0.9358061790892738,0.06316158511443161
R04,TDC supplied test,35,3D-MPNN,random forest,1997,1.2544348981874516,0.9319789966780458,0.04018138254691394
R04,TDC supplied test,35,3D-MPNN,multilayer perceptron,1997,1.1860123196772558,0.8565748355921141,-0.03461550733982377
R04,TDC supplied test,35,3D-MPNN,ridge regression,1997,1.21641967102169,0.8980145314656385,0.02054070657305956
R04,TDC supplied test,35,3D-MPNN,k-nearest neighbours,1997,1.2648834156576707,0.9381204972033405,-0.08965878411129578
R04,TDC supplied test,35,atom-level 2D GNN,XGBoost,1997,1.1372531631965979,0.8167664987992288,0.0989622126952929
R04,TDC supplied test,35,atom-level 2D GNN,random forest,1997,1.1208752261722998,0.8023663652022794,0.07315998858637393
R04,TDC supplied test,35,atom-level 2D GNN,multilayer perceptron,1997,1.1305123220258129,0.8092121679129894,0.061057795856424596
R04,TDC supplied test,35,atom-level 2D GNN,ridge regression,1997,1.1378316949387406,0.8129085512198598,0.08644836163892836
R04,TDC supplied test,35,atom-level 2D GNN,k-nearest neighbours,1997,1.139893431337579,0.8144979305833127,0.10160651086603047
R04,TDC supplied test,35,BRICS-subgroup GNN,XGBoost,1997,1.1179130894553544,0.8356756759879379,0.03798029997940507
R04,TDC supplied test,35,BRICS-subgroup GNN,random forest,1997,1.1128886148480481,0.8284123739573179,0.03688363599398527
R04,TDC supplied test,35,BRICS-subgroup GNN,multilayer perceptron,1997,1.1128024387295,0.8235846027389483,0.030284194037175725
R04,TDC supplied test,35,BRICS-subgroup GNN,ridge regression,1997,1.1165375520356893,0.8314830086741013,0.04114035543620427
R04,TDC supplied test,35,BRICS-subgroup GNN,k-nearest neighbours,1997,1.1220075342374518,0.8362841249368709,0.05953274444558327
R04,TDC supplied test,35,Murcko-subgroup GNN,XGBoost,1997,1.1624539964078755,0.8503522441430045,0.0501918579405007
R04,TDC supplied test,35,Murcko-subgroup GNN,random forest,1997,1.1557783728551296,0.8441851800395578,0.01810344436751555
R04,TDC supplied test,35,Murcko-subgroup GNN,multilayer perceptron,1997,1.1844754218735796,0.8515923982212018,0.040923966093570324
R04,TDC supplied test,35,Murcko-subgroup GNN,ridge regression,1997,1.1978744663184857,0.8588132340209494,0.016256284242345487
R04,TDC supplied test,35,Murcko-subgroup GNN,k-nearest neighbours,1997,1.159845834122265,0.8470622036473524,0.045932048934211676
R05,JCheM supplied test,35,Mordred,XGBoost,980,0.7306839608786087,0.5317147737828573,-0.029396790880816356
R05,JCheM supplied test,35,Mordred,random forest,980,0.6713080140209965,0.47349817287793755,-0.016918915717937175
R05,JCheM supplied test,35,Mordred,multilayer perceptron,980,0.6593755662700161,0.44466186604665303,-0.0009201654727755509
R05,JCheM supplied test,35,Mordred,ridge regression,980,0.7594831139873612,0.5540405537526326,0.006041284966306085
R05,JCheM supplied test,35,Mordred,k-nearest neighbours,980,0.7871573772934304,0.5655943523207405,-0.02365023718318803
R05,JCheM supplied test,35,ECFP,XGBoost,980,1.2649430944366264,0.9925337572102041,-0.09259392063877558
R05,JCheM supplied test,35,ECFP,random forest,980,0.9905243304948544,0.7295864291316748,-0.008832789763651247
R05,JCheM supplied test,35,ECFP,multilayer perceptron,980,0.9290516734438511,0.705296986800612,-0.050763125881428624
R05,JCheM supplied test,35,ECFP,ridge regression,980,1.11953889112526,0.8664666536526531,-0.056293050647347
R05,JCheM supplied test,35,ECFP,k-nearest neighbours,980,1.1017508073301854,0.8371343726000312,-0.08223070722772761
R05,JCheM supplied test,35,ChemBERTa,XGBoost,980,0.8153636469802259,0.6123682125414285,-0.029846732733265328
R05,JCheM supplied test,35,ChemBERTa,random forest,980,0.7934767310425415,0.5903472399542659,-0.035184337497846205
R05,JCheM supplied test,35,ChemBERTa,multilayer perceptron,980,0.8165822259583952,0.6051838464874082,-0.05725103345300003
R05,JCheM supplied test,35,ChemBERTa,ridge regression,980,0.8195693913318983,0.6156096421280326,-0.034939043556563285
R05,JCheM supplied test,35,ChemBERTa,k-nearest neighbours,980,0.8301351128110129,0.6188591644769533,-0.03156951181661607
R05,JCheM supplied test,35,3D-MPNN,XGBoost,980,0.9031879118264804,0.6730990631666939,-0.04904959727771432
R05,JCheM supplied test,35,3D-MPNN,random forest,980,0.8893729951678777,0.6552941915697941,-0.07687505983416032
R05,JCheM supplied test,35,3D-MPNN,multilayer perceptron,980,0.7735845852417046,0.5499875720998069,-0.03611677611735798
R05,JCheM supplied test,35,3D-MPNN,ridge regression,980,0.8523660227842043,0.626114230469449,-0.022292672684591855
R05,JCheM supplied test,35,3D-MPNN,k-nearest neighbours,980,0.9028983563128642,0.6630751295154045,-0.15613746579322568
R05,JCheM supplied test,35,atom-level 2D GNN,XGBoost,980,0.7378189958437396,0.507078608067551,-0.0034404440675510485
R05,JCheM supplied test,35,atom-level 2D GNN,random forest,980,0.7265215907824902,0.48595507360810014,0.0035102659691256984
R05,JCheM supplied test,35,atom-level 2D GNN,multilayer perceptron,980,0.7415426887062,0.4950180770246531,-0.0010682634844490075
R05,JCheM supplied test,35,atom-level 2D GNN,ridge regression,980,0.7509917600766135,0.5130576049647143,-0.003894440337122456
R05,JCheM supplied test,35,atom-level 2D GNN,k-nearest neighbours,980,0.7290013727820587,0.49610732139170644,0.007069437502370575
R05,JCheM supplied test,35,BRICS-subgroup GNN,XGBoost,980,0.8041759841364478,0.5903289908557143,-0.0444833415569388
R05,JCheM supplied test,35,BRICS-subgroup GNN,random forest,980,0.7675095482023766,0.5513901337656523,-0.0442132190053806
R05,JCheM supplied test,35,BRICS-subgroup GNN,multilayer perceptron,980,0.8183579784930716,0.5942473369584897,0.014581365983755076
R05,JCheM supplied test,35,BRICS-subgroup GNN,ridge regression,980,0.8102880892759298,0.5886266439281348,-0.043776885138869404
R05,JCheM supplied test,35,BRICS-subgroup GNN,k-nearest neighbours,980,0.7654316631125607,0.551744951665735,-0.02893378664833299
R05,JCheM supplied test,35,Murcko-subgroup GNN,XGBoost,980,0.7942097027568737,0.5777089900642857,-0.010337064594897995
R05,JCheM supplied test,35,Murcko-subgroup GNN,random forest,980,0.7770833219177558,0.5536181672024707,-0.015371213750619568
R05,JCheM supplied test,35,Murcko-subgroup GNN,multilayer perceptron,980,0.7963713325811689,0.5786279222015306,0.009329981255612204
R05,JCheM supplied test,35,Murcko-subgroup GNN,ridge regression,980,0.8044253250033675,0.5855454147932653,-0.01645467833897962
R05,JCheM supplied test,35,Murcko-subgroup GNN,k-nearest neighbours,980,0.7774030382590273,0.5546591731961331,-0.008037046314084082
R09,ComPlat supplied test,10,Mordred,XGBoost,1282,0.6160355509785784,0.4708288942201248,-0.03319863329313572
R09,ComPlat supplied test,10,Mordred,random forest,1282,0.5722822499380996,0.4312001558479957,0.026536957441103536
R09,ComPlat supplied test,10,Mordred,multilayer perceptron,1282,0.6949279186955306,0.5291666762412636,0.005169523184321362
R09,ComPlat supplied test,10,Mordred,ridge regression,1282,0.665235692841331,0.5225700409141966,-0.006685890098283931
R09,ComPlat supplied test,10,Mordred,k-nearest neighbours,1282,0.7115738594366094,0.5501479608137063,-0.0009055588013162329
R09,ComPlat supplied test,10,ECFP,XGBoost,1282,1.3062592698025084,1.0133590137519501,-0.23391518897815913
R09,ComPlat supplied test,10,ECFP,random forest,1282,1.2038557985683171,0.8809961978939672,-0.1295841290079993
R09,ComPlat supplied test,10,ECFP,multilayer perceptron,1282,1.1006822886723715,0.8122256317774571,-0.12419911726887675
R09,ComPlat supplied test,10,ECFP,ridge regression,1282,1.1558737322813843,0.8773488834744619,-0.07092102531056163
R09,ComPlat supplied test,10,ECFP,k-nearest neighbours,1282,1.3022758624980857,0.9905112152254297,-0.3799560382056528
