evaluation_id,evaluation,axis,level,level_index,n,sparse_n_lt_100,xgb_evidentiary_status,neural_evidentiary_status,dlg_rmse,xgb_rmse,neural_rmse,delta_rmse_xgb,delta_rmse_xgb_ci_low,delta_rmse_xgb_ci_high,delta_rmse_neural,delta_rmse_neural_ci_low,delta_rmse_neural_ci_high,bootstrap_seed_xgb,bootstrap_seed_neural
R01,AqSolDBc OOF,Molecular weight,<250 Da,0,4708,False,exploratory_paired_row_bootstrap,exploratory_paired_row_bootstrap,0.6691674702892251,0.6987680097444363,0.7223557321114932,-0.0296005394552112,-0.0387624236369377,-0.0203464216514458,-0.0531882618222681,-0.0620978655845736,-0.0440670177928991,20260823,20260824
R01,AqSolDBc OOF,Molecular weight,250--<400 Da,1,2564,False,exploratory_paired_row_bootstrap,exploratory_paired_row_bootstrap,0.8712769791407079,0.9318676092583494,0.909472474974854,-0.0605906301176415,-0.0785140339752383,-0.0432320386431596,-0.0381954958341461,-0.0537518110769358,-0.02245944250121,20260833,20260834
R01,AqSolDBc OOF,Molecular weight,>=400 Da,2,775,False,exploratory_paired_row_bootstrap,exploratory_paired_row_bootstrap,1.237214874600506,1.29367014933485,1.309176660183889,-0.0564552747343438,-0.0947962588640752,-0.0188262307443279,-0.0719617855833829,-0.1090668572325215,-0.035172657537433,20260843,20260844
R01,AqSolDBc OOF,Rotatable bonds,0,3,1242,False,exploratory_paired_row_bootstrap,exploratory_paired_row_bootstrap,0.7606133015818254,0.7843035520702658,0.8332188302072432,-0.0236902504884404,-0.0456076672328858,-0.002187188404224,-0.0726055286254178,-0.0935466163923759,-0.0510114093191627,20260853,20260854
R01,AqSolDBc OOF,Rotatable bonds,1--4,4,4464,False,exploratory_paired_row_bootstrap,exploratory_paired_row_bootstrap,0.71397954120486,0.7573957079559906,0.7563492858662592,-0.0434161667511306,-0.0534554502005312,-0.033289285792168,-0.0423697446613992,-0.0538663989975806,-0.0316883662742381,20260863,20260864
R01,AqSolDBc OOF,Rotatable bonds,>=5,5,2341,False,exploratory_paired_row_bootstrap,exploratory_paired_row_bootstrap,0.9796567453228706,1.0329043284691926,1.0312834101689667,-0.0532475831463219,-0.0748020400620913,-0.0325358351703984,-0.0516266648460961,-0.0689420789512011,-0.0341780303040189,20260873,20260874
R01,AqSolDBc OOF,H-bond donor,no,6,3854,False,exploratory_paired_row_bootstrap,exploratory_paired_row_bootstrap,0.7908846109810707,0.8524383017609488,0.8324991411966166,-0.0615536907798781,-0.0766715881799698,-0.0459088599011932,-0.0416145302155459,-0.055675545736401,-0.0279696514118391,20260883,20260884
R01,AqSolDBc OOF,H-bond donor,yes,7,4193,False,exploratory_paired_row_bootstrap,exploratory_paired_row_bootstrap,0.8215710660353236,0.8489326813050121,0.8783215305925545,-0.0273616152696885,-0.038717669806793,-0.0159858938859219,-0.0567504645572308,-0.0674871993934892,-0.0458983115376376,20260893,20260894
R01,AqSolDBc OOF,H-bond acceptor,no,8,856,False,exploratory_paired_row_bootstrap,exploratory_paired_row_bootstrap,0.7227042146811083,0.7820033184772412,0.7616538478018174,-0.0592991037961329,-0.1028016773154215,-0.0221942845569704,-0.038949633120709,-0.0637920639385861,-0.0133430202492824,20260903,20260904
R01,AqSolDBc OOF,H-bond acceptor,yes,9,7191,False,exploratory_paired_row_bootstrap,exploratory_paired_row_bootstrap,0.8164768349516208,0.8584154821851169,0.8673000739252708,-0.041938647233496,-0.0515174962967075,-0.032327738290346,-0.0508232389736499,-0.0601821780117264,-0.0414538150727887,20260913,20260914
R01,AqSolDBc OOF,Aromatic ring,no,10,2903,False,exploratory_paired_row_bootstrap,exploratory_paired_row_bootstrap,0.7926769699300292,0.8314702804468,0.8445994100591747,-0.0387933105167708,-0.0553696000615649,-0.023164498257735,-0.0519224401291454,-0.0658809147441666,-0.0380150497436763,20260923,20260924
R01,AqSolDBc OOF,Aromatic ring,yes,11,5144,False,exploratory_paired_row_bootstrap,exploratory_paired_row_bootstrap,0.815002748229274,0.8612290344104134,0.8634252203551113,-0.0462262861811394,-0.0579451498057139,-0.0346391201560543,-0.0484224721258372,-0.059614639706991,-0.0377277779674567,20260933,20260934
R01,AqSolDBc OOF,N-containing heterocycle,no,12,5942,False,exploratory_paired_row_bootstrap,exploratory_paired_row_bootstrap,0.7910990650402714,0.8329699170134112,0.8394577016937871,-0.0418708519731397,-0.0529928065244823,-0.0308603493713515,-0.0483586366535156,-0.0591412701944706,-0.0378654366419293,20260943,20260944
R01,AqSolDBc OOF,N-containing heterocycle,yes,13,2105,False,exploratory_paired_row_bootstrap,exploratory_paired_row_bootstrap,0.8503542131177843,0.8985503923991017,0.9035307623852338,-0.0481961792813174,-0.066117182035169,-0.0303763795290882,-0.0531765492674495,-0.0681451476144407,-0.0380912143592433,20260953,20260954
R01,AqSolDBc OOF,Carboxyl group,no,14,7066,False,exploratory_paired_row_bootstrap,exploratory_paired_row_bootstrap,0.8104990562957984,0.8572582589044844,0.8576413272061286,-0.0467592026086859,-0.0570376214550132,-0.036443269285777,-0.0471422709103301,-0.0561354086065131,-0.0382126718254287,20260963,20260964
R01,AqSolDBc OOF,Carboxyl group,yes,15,981,False,exploratory_paired_row_bootstrap,exploratory_paired_row_bootstrap,0.781501922013581,0.8011253488911861,0.8497352161330309,-0.0196234268776051,-0.0404464058901696,0.0020393455846522,-0.0682332941194499,-0.1005851991013586,-0.0408267475799592,20260973,20260974
R02,ComPlat OOF,Molecular weight,<250 Da,0,8270,False,exploratory_paired_row_bootstrap,exploratory_paired_row_bootstrap,0.7101152311104966,0.7208518813931141,0.786801568373392,-0.0107366502826175,-0.0154399214852743,-0.0060662921080797,-0.0766863372628954,-0.0850264069581967,-0.0683665213697416,20261823,20261824
R02,ComPlat OOF,Molecular weight,250--<400 Da,1,7204,False,exploratory_paired_row_bootstrap,exploratory_paired_row_bootstrap,0.8072967703576566,0.8367150970378983,0.8655744547583845,-0.0294183266802416,-0.0365100580266584,-0.0228005351665149,-0.0582776844007278,-0.0698647829511184,-0.0465685846422707,20261833,20261834
R02,ComPlat OOF,Molecular weight,>=400 Da,2,2463,False,exploratory_paired_row_bootstrap,exploratory_paired_row_bootstrap,1.424838094268199,1.4592308922443948,1.5320633315526635,-0.0343927979761957,-0.0578453419768349,-0.0106157319922595,-0.1072252372844646,-0.1492916173551845,-0.064182182282508,20261843,20261844
R02,ComPlat OOF,Rotatable bonds,0,3,1859,False,exploratory_paired_row_bootstrap,exploratory_paired_row_bootstrap,0.859107786366631,0.8618849855060445,0.96606029811024,-0.0027771991394135,-0.015785500930196,0.01011645915932,-0.1069525117436088,-0.1302159400668008,-0.0838471790820311,20261853,20261854
R02,ComPlat OOF,Rotatable bonds,1--4,4,9435,False,exploratory_paired_row_bootstrap,exploratory_paired_row_bootstrap,0.7846453940170375,0.8104124250136717,0.8386491143149627,-0.0257670309966342,-0.0311719686948525,-0.0204680617504328,-0.0540037202979252,-0.0628720483876125,-0.0451493396711224,20261863,20261864
R02,ComPlat OOF,Rotatable bonds,>=5,5,6643,False,exploratory_paired_row_bootstrap,exploratory_paired_row_bootstrap,1.0031341791651935,1.027092322595662,1.092395506453138,-0.0239581434304685,-0.0365314513588585,-0.0110932469813407,-0.0892613272879445,-0.1126494533173841,-0.0665348227034335,20261873,20261874
R02,ComPlat OOF,H-bond donor,no,6,6204,False,exploratory_paired_row_bootstrap,exploratory_paired_row_bootstrap,0.8876550412990072,0.9063907576470422,0.9766051413627408,-0.018735716348035,-0.0304696984031951,-0.007212172918184,-0.0889501000637336,-0.1096028932895697,-0.0688568638119931,20261883,20261884
R02,ComPlat OOF,H-bond donor,yes,7,11733,False,exploratory_paired_row_bootstrap,exploratory_paired_row_bootstrap,0.8747173485102742,0.8992796806261568,0.9406245413369256,-0.0245623321158826,-0.0312350556194215,-0.0177873676248339,-0.0659071928266515,-0.0786137664728741,-0.0543142319793627,20261893,20261894
R02,ComPlat OOF,H-bond acceptor,no,8,850,False,exploratory_paired_row_bootstrap,exploratory_paired_row_bootstrap,0.9873487312451016,1.0223394419208092,1.076232044541382,-0.0349907106757074,-0.0668598651685235,-0.0031910256120382,-0.0888833132962803,-0.1450880073458401,-0.0326485677665757,20261903,20261904
R02,ComPlat OOF,H-bond acceptor,yes,9,17087,False,exploratory_paired_row_bootstrap,exploratory_paired_row_bootstrap,0.873485057959801,0.8953225827411144,0.946686693645552,-0.0218375247813134,-0.0280118184195967,-0.0156032350692968,-0.0732016356857511,-0.0845049873521478,-0.0624874436551804,20261913,20261914
R02,ComPlat OOF,Aromatic ring,no,10,7454,False,exploratory_paired_row_bootstrap,exploratory_paired_row_bootstrap,0.8747955260199408,0.902897876299634,0.946171308268468,-0.0281023502796933,-0.0386660736966324,-0.0173392983107049,-0.0713757822485272,-0.0907137061567949,-0.0529330707132086,20261923,20261924
R02,ComPlat OOF,Aromatic ring,yes,11,10483,False,exploratory_paired_row_bootstrap,exploratory_paired_row_bootstrap,0.8823418766086659,0.9009253430211288,0.9582056816843896,-0.018583466412463,-0.0255832927752042,-0.011361703788301,-0.0758638050757235,-0.0889709591897505,-0.0635465725828915,20261933,20261934
R02,ComPlat OOF,N-containing heterocycle,no,12,10660,False,exploratory_paired_row_bootstrap,exploratory_paired_row_bootstrap,0.9000547643099678,0.9192566080127011,0.9797332393007876,-0.0192018437027333,-0.0275846025778881,-0.010630180109688,-0.0796784749908198,-0.0946691239363687,-0.0654546079969037,20261943,20261944
R02,ComPlat OOF,N-containing heterocycle,yes,13,7277,False,exploratory_paired_row_bootstrap,exploratory_paired_row_bootstrap,0.8477594535541069,0.8754617480691762,0.9129999185485126,-0.0277022945150693,-0.0360547369930116,-0.019323066362279,-0.0652404649944057,-0.0803925802228881,-0.0506127686051956,20261953,20261954
R02,ComPlat OOF,Carboxyl group,no,14,15820,False,exploratory_paired_row_bootstrap,exploratory_paired_row_bootstrap,0.860481850270237,0.884439173522085,0.9334005867625016,-0.0239573232518479,-0.0304596197749959,-0.017287484589657,-0.0729187364922646,-0.0845797509559267,-0.0616435370711585,20261963,20261964
R02,ComPlat OOF,Carboxyl group,yes,15,2117,False,exploratory_paired_row_bootstrap,exploratory_paired_row_bootstrap,1.0082361098741544,1.0218360101897053,1.0900000238332583,-0.0135999003155509,-0.0307291097282173,0.0037058903268278,-0.0817639139591039,-0.1110935750945125,-0.0526373879010016,20261973,20261974
R03,TDC OOF,Molecular weight,<250 Da,0,4830,False,exploratory_paired_row_bootstrap,exploratory_paired_row_bootstrap,0.8913797774942536,0.9566988881553868,0.9727158798243758,-0.0653191106611332,-0.0900652447187962,-0.0409205033822349,-0.0813361023301222,-0.1053676554049271,-0.0578851441512679,20262823,20262824
R03,TDC OOF,Molecular weight,250--<400 Da,1,2262,False,exploratory_paired_row_bootstrap,exploratory_paired_row_bootstrap,1.0436604533088731,1.123434159697157,1.1158511819078634,-0.0797737063882841,-0.108922647763827,-0.0506179658425855,-0.0721907285989902,-0.0995235127340743,-0.0453704452966798,20262833,20262834
R03,TDC OOF,Molecular weight,>=400 Da,2,893,False,exploratory_paired_row_bootstrap,exploratory_paired_row_bootstrap,1.28157470158687,1.415232297138768,1.3372351649384318,-0.1336575955518977,-0.173453440881203,-0.0926794567775735,-0.0556604633515616,-0.0959160870063351,-0.0150296504704676,20262843,20262844
R03,TDC OOF,Rotatable bonds,0,3,1446,False,exploratory_paired_row_bootstrap,exploratory_paired_row_bootstrap,1.3597048750247152,1.4963692196854048,1.464412273674294,-0.1366643446606896,-0.1898046217845952,-0.0808297207093773,-0.1047073986495787,-0.1590251703348378,-0.0519018105077525,20262853,20262854
R03,TDC OOF,Rotatable bonds,1--4,4,4081,False,exploratory_paired_row_bootstrap,exploratory_paired_row_bootstrap,0.7855174154209611,0.8332238642769636,0.8418215376917391,-0.0477064488560025,-0.063140149874142,-0.0323258525018549,-0.0563041222707779,-0.0710342977277084,-0.0418094780998031,20262863,20262864
R03,TDC OOF,Rotatable bonds,>=5,5,2458,False,exploratory_paired_row_bootstrap,exploratory_paired_row_bootstrap,1.0238705792341791,1.1035060325092925,1.102986978662998,-0.0796354532751131,-0.103354222959848,-0.055846806497324,-0.0791163994288186,-0.102328707156776,-0.0559477299272154,20262873,20262874
R03,TDC OOF,H-bond donor,no,6,3579,False,exploratory_paired_row_bootstrap,exploratory_paired_row_bootstrap,1.107688423493331,1.2081424296650856,1.1904943468473013,-0.1004540061717544,-0.1302331033680833,-0.0710840982650623,-0.0828059233539701,-0.1127452277362976,-0.053703427828582,20262883,20262884
R03,TDC OOF,H-bond donor,yes,7,4406,False,exploratory_paired_row_bootstrap,exploratory_paired_row_bootstrap,0.8754612463042787,0.9335969430791052,0.9421448444683512,-0.0581356967748266,-0.0747887301481588,-0.0420900205422669,-0.0666835981640726,-0.0820234663692413,-0.0508770527522193,20262893,20262894
R03,TDC OOF,H-bond acceptor,no,8,899,False,exploratory_paired_row_bootstrap,exploratory_paired_row_bootstrap,1.225427893562156,1.366635450656727,1.3048486102842387,-0.1412075570945714,-0.2161607821732719,-0.0634619976075372,-0.0794207167220828,-0.1584307370794904,-0.0027862406353186,20262903,20262904
R03,TDC OOF,H-bond acceptor,yes,9,7086,False,exploratory_paired_row_bootstrap,exploratory_paired_row_bootstrap,0.951715721259946,1.0208914207817288,1.025548432142236,-0.0691756995217827,-0.0847662248119015,-0.0539525091183761,-0.0738327108822898,-0.0882994787862452,-0.059635212471267,20262913,20262914
R03,TDC OOF,Aromatic ring,no,10,3675,False,exploratory_paired_row_bootstrap,exploratory_paired_row_bootstrap,1.1182297733597573,1.2190620063665107,1.207470983424777,-0.1008322330067534,-0.1309010519049155,-0.0712579316046139,-0.0892412100650197,-0.1187996394225017,-0.0603234523092174,20262923,20262924
R03,TDC OOF,Aromatic ring,yes,11,4310,False,exploratory_paired_row_bootstrap,exploratory_paired_row_bootstrap,0.8580018857000629,0.9142794993894676,0.9171304298535666,-0.0562776136894048,-0.0706300049010864,-0.0425699773521346,-0.0591285441535037,-0.0716485921380562,-0.0464710208825433,20262933,20262934
R03,TDC OOF,N-containing heterocycle,no,12,6497,False,exploratory_paired_row_bootstrap,exploratory_paired_row_bootstrap,1.00356591060171,1.0880086687703017,1.0795135067723702,-0.0844427581685915,-0.103949421607468,-0.0643851174004017,-0.0759475961706601,-0.0959789660267441,-0.0571006374864981,20262943,20262944
R03,TDC OOF,N-containing heterocycle,yes,13,1488,False,exploratory_paired_row_bootstrap,exploratory_paired_row_bootstrap,0.907266714013151,0.9606904524620816,0.9741575910610972,-0.0534237384489306,-0.0793515039235858,-0.0284512356330245,-0.0668908770479462,-0.0887148534497781,-0.0445193389138055,20262953,20262954
R03,TDC OOF,Carboxyl group,no,14,6804,False,exploratory_paired_row_bootstrap,exploratory_paired_row_bootstrap,0.9934608406596208,1.0674835872820094,1.0713629659051545,-0.0740227466223887,-0.0930635683225427,-0.0551074473105819,-0.0779021252455337,-0.0965354174258428,-0.0597492435687974,20262963,20262964
R03,TDC OOF,Carboxyl group,yes,15,1181,False,exploratory_paired_row_bootstrap,exploratory_paired_row_bootstrap,0.9442251658064386,1.053569040342588,0.996863863424612,-0.1093438745361493,-0.1470842004075375,-0.0723242628120721,-0.0526386976181735,-0.0915030872022077,-0.0150579729598597,20262973,20262974
R04,TDC supplied Test,Molecular weight,<250 Da,0,827,False,exploratory_paired_row_bootstrap,exploratory_paired_row_bootstrap,0.8305585405297206,0.861786148083283,0.8628226651280612,-0.0312276075535624,-0.048685076581385,-0.0143892711894036,-0.0322641245983406,-0.0482529680318826,-0.0162468820678142,20263823,20263824
R04,TDC supplied Test,Molecular weight,250--<400 Da,1,865,False,exploratory_paired_row_bootstrap,exploratory_paired_row_bootstrap,0.8945020687722034,0.99183593064279,0.902021924912496,-0.0973338618705864,-0.1254370277106278,-0.0707321863746591,-0.0075198561402924,-0.0315397127596356,0.01632908863718,20263833,20263834
R04,TDC supplied Test,Molecular weight,>=400 Da,2,305,False,exploratory_paired_row_bootstrap,exploratory_paired_row_bootstrap,1.558257473899071,1.7282768315853427,1.5116750579013571,-0.1700193576862714,-0.2398116670206271,-0.1044379918425174,0.0465824159977141,-0.0125289372752635,0.1084877125448214,20263843,20263844
R04,TDC supplied Test,Rotatable bonds,0,3,345,False,exploratory_paired_row_bootstrap,exploratory_paired_row_bootstrap,1.0300203585831478,1.0815244280771914,1.0471602378502516,-0.0515040694940436,-0.090126456389148,-0.015619239060049,-0.0171398792671038,-0.0457672175371348,0.0136687425075795,20263853,20263854
R04,TDC supplied Test,Rotatable bonds,1--4,4,1119,False,exploratory_paired_row_bootstrap,exploratory_paired_row_bootstrap,0.8564576239654079,0.9531023494564356,0.8586076171212462,-0.0966447254910276,-0.119098555161262,-0.0745182552769679,-0.0021499931558383,-0.0234204464200792,0.018804966636777,20263863,20263864
R04,TDC supplied Test,Rotatable bonds,>=5,5,533,False,exploratory_paired_row_bootstrap,exploratory_paired_row_bootstrap,1.2375916735204109,1.339327423750036,1.2351969508060254,-0.1017357502296252,-0.1501233704961849,-0.054949193346938,0.0023947227143852,-0.0368742924577598,0.0436881538118618,20263873,20263874
R04,TDC supplied Test,H-bond donor,no,6,756,False,exploratory_paired_row_bootstrap,exploratory_paired_row_bootstrap,0.9529384834229492,1.0686329967489068,0.9470299409021824,-0.1156945133259577,-0.1551486891789195,-0.0762177959931879,0.0059085425207665,-0.0248288069128682,0.0374492383973258,20263883,20263884
R04,TDC supplied Test,H-bond donor,yes,7,1241,False,exploratory_paired_row_bootstrap,exploratory_paired_row_bootstrap,1.0300389883751069,1.1040943020451792,1.0385076962517732,-0.0740553136700725,-0.0962520717297386,-0.0510501005012043,-0.0084687078766665,-0.0292565085207946,0.0119949140894404,20263893,20263894
R04,TDC supplied Test,H-bond acceptor,no,8,98,True,exploratory_paired_row_bootstrap,exploratory_paired_row_bootstrap,0.9241633737474056,1.0259939140131045,0.9300803711656108,-0.1018305402656989,-0.2221868329105589,-0.0094550859904256,-0.0059169974182052,-0.0761418952524148,0.0656298779864038,20263903,20263904
R04,TDC supplied Test,H-bond acceptor,yes,9,1899,False,exploratory_paired_row_bootstrap,exploratory_paired_row_bootstrap,1.005381596425189,1.0940458951190457,1.0085657194749966,-0.0886642986938563,-0.1093657062219788,-0.0685745414572432,-0.0031841230498073,-0.0209149644546829,0.0151056270584619,20263913,20263914
R04,TDC supplied Test,Aromatic ring,no,10,451,False,exploratory_paired_row_bootstrap,exploratory_paired_row_bootstrap,0.9357376417999932,0.9581321375881816,0.9741909751441216,-0.0223944957881884,-0.0505796732116095,0.0057057788012584,-0.0384533333441283,-0.0627913194520782,-0.0138016480142951,20263923,20263924
R04,TDC supplied Test,Aromatic ring,yes,11,1546,False,exploratory_paired_row_bootstrap,exploratory_paired_row_bootstrap,1.019948542114921,1.1265689168746174,1.0136283859892097,-0.1066203747596963,-0.1307276153802261,-0.0824528951494936,0.0063201561257113,-0.0146585208543802,0.0271277631001944,20263933,20263934
R04,TDC supplied Test,N-containing heterocycle,no,12,1097,False,exploratory_paired_row_bootstrap,exploratory_paired_row_bootstrap,0.9909513178643168,1.083369430469336,0.9823236231160206,-0.0924181126050192,-0.11909866702241,-0.0654403579308654,0.0086276947482961,-0.0146597304194498,0.0326203846232169,20263943,20263944
R04,TDC supplied Test,N-containing heterocycle,yes,13,900,False,exploratory_paired_row_bootstrap,exploratory_paired_row_bootstrap,1.0143180123975564,1.0998010424678306,1.031657778284519,-0.0854830300702742,-0.1164407140225776,-0.054405591676907,-0.0173397658869627,-0.0425888272003524,0.0073220231815279,20263953,20263954
R04,TDC supplied Test,Carboxyl group,no,14,1784,False,exploratory_paired_row_bootstrap,exploratory_paired_row_bootstrap,0.9501748629306264,1.0345138344680982,0.9624856014023806,-0.0843389715374719,-0.10636496472709,-0.0636989335753136,-0.0123107384717543,-0.0288634619244299,0.0042299431052246,20263963,20263964
R04,TDC supplied Test,Carboxyl group,yes,15,213,False,exploratory_paired_row_bootstrap,exploratory_paired_row_bootstrap,1.35754052945181,1.480503683190036,1.30687507282682,-0.1229631537382258,-0.1907426133659441,-0.0530520626349962,0.05066545662499,-0.0201336572346925,0.1187583322124091,20263973,20263974
R05,JCheM supplied Test,Molecular weight,<250 Da,0,586,False,exploratory_paired_row_bootstrap,exploratory_paired_row_bootstrap,0.5270163281306773,0.5562321681707837,0.5437134460302305,-0.0292158400401063,-0.0452832560134825,-0.0143523058163031,-0.0166971178995531,-0.0315936642932999,-0.0022767077307632,20264823,20264824
R05,JCheM supplied Test,Molecular weight,250--<400 Da,1,308,False,exploratory_paired_row_bootstrap,exploratory_paired_row_bootstrap,0.6643588270207907,0.7165153696548556,0.6735043093601993,-0.0521565426340648,-0.0769630938345511,-0.0255600325274006,-0.0091454823394085,-0.0400162280116488,0.0197188170861446,20264833,20264834
R05,JCheM supplied Test,Molecular weight,>=400 Da,2,86,True,exploratory_paired_row_bootstrap,exploratory_paired_row_bootstrap,0.9098326536218054,0.9714396779586304,0.8985607378140782,-0.0616070243368249,-0.1090577016683854,-0.014711762832317,0.0112719158077272,-0.0352149366911811,0.0546929483426369,20264843,20264844
R05,JCheM supplied Test,Rotatable bonds,0,3,130,False,exploratory_paired_row_bootstrap,exploratory_paired_row_bootstrap,0.6233433702810507,0.6515004879536274,0.6328422460625571,-0.0281571176725766,-0.0627667363748947,0.0039534181690952,-0.0094988757815064,-0.039982527694672,0.0232773045775224,20264853,20264854
R05,JCheM supplied Test,Rotatable bonds,1--4,4,568,False,exploratory_paired_row_bootstrap,exploratory_paired_row_bootstrap,0.6052341882435922,0.6453815411613075,0.6136197569810159,-0.0401473529177153,-0.056579258933382,-0.0237079813877409,-0.0083855687374236,-0.0268231981178499,0.0096658952151283,20264863,20264864
R05,JCheM supplied Test,Rotatable bonds,>=5,5,282,False,exploratory_paired_row_bootstrap,exploratory_paired_row_bootstrap,0.6282839301143827,0.6758957962449014,0.6426129850808874,-0.0476118661305187,-0.0750338180636533,-0.0209612878553256,-0.0143290549665047,-0.0435781699836797,0.014046925068474,20264873,20264874
R05,JCheM supplied Test,H-bond donor,no,6,389,False,exploratory_paired_row_bootstrap,exploratory_paired_row_bootstrap,0.5213468226219732,0.5494173815113791,0.5512415861672852,-0.0280705588894059,-0.0491290989687459,-0.0070862717406109,-0.029894763545312,-0.0502895069182432,-0.0097941607833833,20264883,20264884
R05,JCheM supplied Test,H-bond donor,yes,7,591,False,exploratory_paired_row_bootstrap,exploratory_paired_row_bootstrap,0.6685607047559355,0.7162187995869002,0.6685845509110714,-0.0476580948309646,-0.0642247319520125,-0.030825335351085,-2.384615513584265e-05,-0.0187448858433483,0.0180621444764016,20264893,20264894
R05,JCheM supplied Test,H-bond acceptor,no,8,87,True,exploratory_paired_row_bootstrap,exploratory_paired_row_bootstrap,0.4148538346631779,0.4115172825960035,0.4511706239023845,0.0033365520671743,-0.0411871970040907,0.0406717584555099,-0.0363167892392065,-0.062955460104567,-0.0019405883675027,20264903,20264904
R05,JCheM supplied Test,H-bond acceptor,yes,9,893,False,exploratory_paired_row_bootstrap,exploratory_paired_row_bootstrap,0.6304333307192411,0.6741550087207762,0.6390390572634497,-0.043721678001535,-0.0572830639685009,-0.0299209555926092,-0.0086057265442085,-0.0235932901099855,0.0062095496395034,20264913,20264914
R05,JCheM supplied Test,Aromatic ring,no,10,360,False,exploratory_paired_row_bootstrap,exploratory_paired_row_bootstrap,0.586063216013775,0.6270346898527631,0.5873728102334187,-0.0409714738389881,-0.0631003185079519,-0.0176483212015187,-0.0013095942196437,-0.0285390378474912,0.0237868218518826,20264923,20264924
R05,JCheM supplied Test,Aromatic ring,yes,11,620,False,exploratory_paired_row_bootstrap,exploratory_paired_row_bootstrap,0.630211474315776,0.6708758427767627,0.645308194861995,-0.0406643684609867,-0.0572031947046236,-0.0248292719879344,-0.015096720546219,-0.0314959471098372,0.0007503888328275,20264933,20264934
R05,JCheM supplied Test,N-containing heterocycle,no,12,720,False,exploratory_paired_row_bootstrap,exploratory_paired_row_bootstrap,0.5753479650504291,0.6181045816779964,0.5860398147423848,-0.0427566166275673,-0.0587507204831062,-0.0265628291440025,-0.0106918496919556,-0.0284578985542084,0.00688549643198,20264943,20264944
R05,JCheM supplied Test,N-containing heterocycle,yes,13,260,False,exploratory_paired_row_bootstrap,exploratory_paired_row_bootstrap,0.7113212591390121,0.7480998221131262,0.720858967535159,-0.036778562974114,-0.0591472938176927,-0.0146299887607994,-0.0095377083961468,-0.0318254956019937,0.0129152736480877,20264953,20264954
R05,JCheM supplied Test,Carboxyl group,no,14,851,False,exploratory_paired_row_bootstrap,exploratory_paired_row_bootstrap,0.6017574331794624,0.6394429358836755,0.613761845743671,-0.0376855027042131,-0.0522717865902969,-0.023901821733833,-0.0120044125642085,-0.0260647768472757,0.00211564389632,20264963,20264964
R05,JCheM supplied Test,Carboxyl group,yes,15,129,False,exploratory_paired_row_bootstrap,exploratory_paired_row_bootstrap,0.6917853873911329,0.7503237612280633,0.6922032081264079,-0.0585383738369303,-0.0922297796708562,-0.0216516752836028,-0.0004178207352749,-0.0526555646872746,0.0408117745029821,20264973,20264974
R09,ComPlat supplied Test,Molecular weight,<250 Da,0,921,False,exploratory_paired_row_bootstrap,descriptive_only_no_primary_paired_inference,0.4995488664399052,0.5079704417553637,0.5999440974517625,-0.0084215753154584,-0.0204122575745369,0.0032344571229414,-0.1003952310118572,-0.119382023509097,-0.0813159474941512,20265823,20265824
R09,ComPlat supplied Test,Molecular weight,250--<400 Da,1,320,False,exploratory_paired_row_bootstrap,descriptive_only_no_primary_paired_inference,0.6720222236312201,0.6601695239239648,0.807137376915566,0.0118526997072553,-0.0118227812486957,0.0355411573042861,-0.1351151532843458,-0.1772397877288655,-0.0938922051517999,20265833,20265834
R09,ComPlat supplied Test,Molecular weight,>=400 Da,2,41,True,exploratory_paired_row_bootstrap,descriptive_only_no_primary_paired_inference,0.8203466834716292,0.813722617642531,0.98085513297274,0.0066240658290982,-0.0471217830062506,0.0631084756758978,-0.1605084495011108,-0.2889796823953944,-0.0574635411815791,20265843,20265844
R09,ComPlat supplied Test,Rotatable bonds,0,3,344,False,exploratory_paired_row_bootstrap,descriptive_only_no_primary_paired_inference,0.5974910085854094,0.5934660650744201,0.7265352142361031,0.0040249435109892,-0.0156066714210292,0.023071450913519,-0.1290442056506937,-0.1632260982276272,-0.0950043897205136,20265853,20265854
R09,ComPlat supplied Test,Rotatable bonds,1--4,4,775,False,exploratory_paired_row_bootstrap,descriptive_only_no_primary_paired_inference,0.5231118113286104,0.5266687073721136,0.6251351062836018,-0.0035568960435031,-0.0167848393206922,0.0096913680990684,-0.1020232949549914,-0.1241493134044203,-0.0794316645658712,20265863,20265864
R09,ComPlat supplied Test,Rotatable bonds,>=5,5,163,False,exploratory_paired_row_bootstrap,descriptive_only_no_primary_paired_inference,0.6414169947909751,0.6465287449285142,0.7632958778326753,-0.005111750137539,-0.0412872702494207,0.0304684236105543,-0.1218788830417001,-0.1808990326451884,-0.0641566551076236,20265873,20265874
R09,ComPlat supplied Test,H-bond donor,no,6,620,False,exploratory_paired_row_bootstrap,descriptive_only_no_primary_paired_inference,0.5168633352250628,0.5198661830782207,0.642637076843854,-0.0030028478531579,-0.0192738955078699,0.0129708765635859,-0.1257737416187911,-0.1534098328573148,-0.0992811955206516,20265883,20265884
R09,ComPlat supplied Test,H-bond donor,yes,7,662,False,exploratory_paired_row_bootstrap,descriptive_only_no_primary_paired_inference,0.5974660350485065,0.5979561117667155,0.6989038791170818,-0.0004900767182089,-0.0147303995466857,0.0139562539321357,-0.1014378440685753,-0.1254926187719832,-0.0772829205968933,20265893,20265894
R09,ComPlat supplied Test,H-bond acceptor,no,8,284,False,exploratory_paired_row_bootstrap,descriptive_only_no_primary_paired_inference,0.464087697347029,0.4438449474314564,0.6276356415685846,0.0202427499155726,-0.0004135377887405,0.0411036790118544,-0.1635479442215556,-0.2022498655946091,-0.1252699871123461,20265903,20265904
R09,ComPlat supplied Test,H-bond acceptor,yes,9,998,False,exploratory_paired_row_bootstrap,descriptive_only_no_primary_paired_inference,0.5843445778237946,0.5907718015125374,0.6844529438823053,-0.0064272236887428,-0.0186319840376285,0.005954964492181,-0.1001083660585107,-0.1202683664970844,-0.0798034958815616,20265913,20265914
R09,ComPlat supplied Test,Aromatic ring,no,10,504,False,exploratory_paired_row_bootstrap,descriptive_only_no_primary_paired_inference,0.4927823879950856,0.5002400830894007,0.6124178161499264,-0.007457695094315,-0.0268210950235203,0.0112929461964325,-0.1196354281548408,-0.1507388760411286,-0.0883491381453693,20265923,20265924
R09,ComPlat supplied Test,Aromatic ring,yes,11,778,False,exploratory_paired_row_bootstrap,descriptive_only_no_primary_paired_inference,0.5994366127122829,0.5979181918470975,0.7083653593245428,0.0015184208651853,-0.0111693767360721,0.0140999112972983,-0.1089287466122599,-0.1314999709718471,-0.0865745369188268,20265933,20265934
R09,ComPlat supplied Test,N-containing heterocycle,no,12,1016,False,exploratory_paired_row_bootstrap,descriptive_only_no_primary_paired_inference,0.5195783877737641,0.523489443652162,0.6289325223882698,-0.0039110558783979,-0.0159457961452043,0.0077442342331206,-0.1093541346145057,-0.1304026429003056,-0.0886608419685657,20265943,20265944
R09,ComPlat supplied Test,N-containing heterocycle,yes,13,266,False,exploratory_paired_row_bootstrap,descriptive_only_no_primary_paired_inference,0.6927708319178981,0.6877963335456003,0.816946889790275,0.0049744983722977,-0.0198586307489539,0.0291802113830994,-0.1241760578723768,-0.1637829023126537,-0.0847828857329468,20265953,20265954
R09,ComPlat supplied Test,Carboxyl group,no,14,1158,False,exploratory_paired_row_bootstrap,descriptive_only_no_primary_paired_inference,0.5519234868951113,0.5546335855432148,0.6642090716757849,-0.0027100986481035,-0.0137559495948062,0.0081996825711118,-0.1122855847806736,-0.1312827924564305,-0.0931575795110438,20265963,20265964
R09,ComPlat supplied Test,Carboxyl group,yes,15,124,False,exploratory_paired_row_bootstrap,descriptive_only_no_primary_paired_inference,0.6298580579902093,0.6224217982470659,0.7434383516723355,0.0074362597431434,-0.0302816622253552,0.0446251000220086,-0.1135802936821261,-0.1728037527049071,-0.0503220978417966,20265973,20265974
